[{"id":"osm:node:303319474","name":"Vettern Bar","category":"pub","lat":52.4905098,"lng":13.4260706,"country":"DE","city":"Berlin","coins":["BTC"],"address":"Vettern Bar, 61, Hobrechtstraße, Reuterkiez, Neukölln, Berlin, 12047, Deutschland","status":"active","source":"osm","last_verified":"2025-08-27","tags":["addr:city","addr:country","addr:housenumber","addr:postcode","addr:street","addr:suburb","amenity","check_date:currency:XBT","contact:instagram","currency:XBT","payment:lightning","payment:onchain"],"phone":null,"instagram":"https://www.instagram.com/vettern.bar/","twitter":null,"cuisine":null,"payment":{"lightning":true,"onchain":true,"credit_cards":false,"cash":false},"website":null},{"id":"osm:node:318526010","name":"Viale dei Tigli","category":"restaurant","lat":52.5148686,"lng":13.3811135,"country":"DE","city":"Berlin","coins":["BTC"],"address":"Viale dei Tigli, 75, Wilhelmstraße, Dorotheenstadt, Mitte, Berlin, 10117, Deutschland","website":"http://www.ristorante-viale.de/","hours":"Mo-Su 12:00-24:00","status":"active","source":"osm","last_verified":"2025-08-27","tags":["addr:city","addr:country","addr:housenumber","addr:postcode","addr:street","addr:suburb","amenity","contact:fax","contact:phone","cuisine","payment:lightning"],"phone":"+49 30 2297405","instagram":null,"twitter":null,"cuisine":"italian","payment":{"lightning":true,"onchain":false,"credit_cards":false,"cash":false}},{"id":"osm:node:318704396","name":"Drittes Ohr","category":"pub","lat":52.5219305,"lng":13.4529113,"country":"DE","city":"Berlin","coins":["BTC"],"address":"Drittes Ohr, 14, Matternstraße, Hausburgviertel, Friedrichshain, Friedrichshain-Kreuzberg, Berlin, 10249, Deutschland","website":"https://www.drittes-ohr.com/","hours":"Su-Fr 18:00-03:00+; Sa 20:00-03:00+; PH 20:00-03:00+; Dec 25,easter + 39 days off","status":"active","source":"osm","last_verified":"2025-08-27","tags":["addr:city","addr:country","addr:housenumber","addr:postcode","addr:street","addr:suburb","amenity","check_date","check_date:currency:XBT","currency:XBT","payment:lightning"],"phone":"+49 30 4 27 57 98","instagram":null,"twitter":null,"cuisine":null,"payment":{"lightning":true,"onchain":false,"credit_cards":false,"cash":false}},{"id":"osm:node:415551815","name":"Trattoria Felice","category":"restaurant","lat":52.5439319,"lng":13.4175949,"country":"DE","city":"Berlin","coins":["BTC"],"address":"Trattoria Felice, 41, Lychener Straße, Helmholtzkiez, Prenzlauer Berg, Pankow, Berlin, 10437, Deutschland","website":"http://www.trattoria-felice.de/","hours":"Mo-Th 16:00-00:00; Fr-Su 12:00-00:00","status":"active","source":"osm","last_verified":"2025-08-27","tags":["addr:city","addr:country","addr:housenumber","addr:postcode","addr:street","addr:suburb","amenity","check_date","check_date:currency:XBT","contact:email","payment:cash","payment:lightning","payment:onchain"],"phone":"+49 30 400 419 27","instagram":"trattoriafelice","twitter":null,"cuisine":"italian","payment":{"lightning":true,"onchain":true,"credit_cards":false,"cash":true}},{"id":"osm:node:941439093","name":"Horváth","category":"restaurant","lat":52.4963757,"lng":13.4208114,"country":"DE","city":"Berlin","coins":["BTC"],"address":"Horváth, 44a, Paul-Lincke-Ufer, Luisenstadt, Kreuzberg, Friedrichshain-Kreuzberg, Berlin, 10999, Deutschland","website":"http://restaurant-horvath.de/","hours":"We-Su 18:30-21:30","status":"active","source":"osm","last_verified":"2025-08-27","tags":["addr:city","addr:country","addr:housenumber","addr:postcode","addr:street","addr:suburb","amenity","contact:phone","contact:website","cuisine","payment:lightning"],"phone":"+493061289992","instagram":null,"twitter":null,"cuisine":"fine_dining","payment":{"lightning":true,"onchain":false,"credit_cards":false,"cash":false}},{"id":"osm:node:1263799847","name":"Disconnect Art Gallery and Record Shop","category":"music","lat":52.5109844,"lng":13.4671354,"country":"DE","city":"Berlin","coins":["BTC"],"address":"Disconnect Art Gallery and Record Shop, 25, Finowstraße, Boxhagener Kiez, Friedrichshain, Friedrichshain-Kreuzberg, Berlin, 10247, Deutschland","website":"https://disconnectberlin.wordpress.com/","hours":"Th-Sa 14:00-19:00; PH off","status":"active","source":"osm","last_verified":"2025-08-27","tags":["addr:city","addr:country","addr:housenumber","addr:postcode","addr:street","addr:suburb","check_date","check_date:currency:XBT","check_date:opening_hours","currency:XBT","payment:lightning","payment:onchain"],"phone":"+49 175 8703908","instagram":null,"twitter":null,"cuisine":null,"payment":{"lightning":true,"onchain":true,"credit_cards":false,"cash":false}},{"id":"osm:node:1372898402","name":"DoYouSpace","category":"other","lat":52.5177555,"lng":13.4581799,"country":"DE","city":"Berlin","coins":["BTC"],"address":"DoYouSpace, 93, Rigaer Straße, Samariterviertel, Friedrichshain, Friedrichshain-Kreuzberg, Berlin, 10247, Deutschland","website":"https://www.doyouspace.net","status":"active","source":"osm","last_verified":"2025-08-27","tags":["addr:city","addr:country","addr:housenumber","addr:postcode","addr:street","addr:suburb","currency:XBT","name","office","payment:lightning","payment:onchain"],"phone":"+493043021510","instagram":null,"twitter":null,"cuisine":null,"payment":{"lightning":true,"onchain":true,"credit_cards":false,"cash":false}},{"id":"osm:node:1765786432","name":"Subway","category":"fast_food","lat":52.5847198,"lng":13.2860195,"country":"DE","city":"Berlin","coins":["BTC"],"address":"Subway, 2, Am Borsigturm, Alt-Tegel, Tegel, Reinickendorf, Berlin, 13507, Deutschland","website":"https://restaurants.subway.com/de/deutschland/be/berlin/am-borsigturm-2","status":"active","source":"osm","last_verified":"2025-08-27","tags":["addr:city","addr:housenumber","addr:postcode","addr:street","amenity","brand","brand:wikidata","brand:wikipedia","check_date:currency:XBT","cuisine","payment:lightning"],"phone":"+493052665616","instagram":null,"twitter":null,"cuisine":"sandwich","payment":{"lightning":true,"onchain":false,"credit_cards":false,"cash":false}},{"id":"osm:node:2521156202","name":"Augenarztpraxis Dipl.-Med. Ricarda Hoffmann","category":"doctors","lat":52.4921303,"lng":13.4576505,"country":"DE","city":"Berlin","coins":["BTC"],"address":"Augenarztpraxis Dr. Azar Hasanli, 75, Am Treptower Park, Kungerkiez, Alt-Treptow, Treptow-Köpenick, Berlin, 12435, Deutschland","hours":"Mo,Th 08:00-15:00; Tu,We 09:00-15:00, Fr 08:00-12:00","status":"active","source":"osm","last_verified":"2025-08-27","tags":["addr:city","addr:country","addr:housenumber","addr:postcode","addr:street","amenity","currency:XBT","healthcare","healthcare:speciality","level"],"phone":"+49 30 5348693","instagram":null,"twitter":null,"cuisine":null,"payment":{"lightning":false,"onchain":false,"credit_cards":false,"cash":false},"website":null},{"id":"osm:node:2537196472","name":"Musikschule Kling-Klang","category":"college","lat":52.5663684,"lng":13.524798,"country":"DE","city":"Berlin","coins":["BTC"],"address":"Musikschule Kling-Klang, 20, Randowstraße, Vincent-van-Gogh-Straße, Neu-Hohenschönhausen, Lichtenberg, Berlin, 13057, Deutschland","website":"https://musikschule-kling-klang.de/","status":"active","source":"osm","last_verified":"2025-08-27","tags":["addr:city","addr:country","addr:housenumber","addr:postcode","addr:street","addr:suburb","amenity","currency:XBT","description:en","name","payment:lightning","payment:onchain"],"phone":null,"instagram":null,"twitter":null,"cuisine":null,"payment":{"lightning":true,"onchain":true,"credit_cards":false,"cash":false}},{"id":"osm:node:2641068367","name":"Coworking Space Berlin-Friedrichshain Launch/Co","category":"other","lat":52.5036356,"lng":13.454467,"country":"DE","city":"Berlin","coins":["BTC"],"address":"Coworking Space Berlin-Friedrichshain Launch/Co, 14, Rudolfstraße, Rudolfkiez, Friedrichshain, Friedrichshain-Kreuzberg, Berlin, 10245, Deutschland","website":"https://launchco.com/coworking","hours":"Mo-Fr 09:00-19:00","status":"active","source":"osm","last_verified":"2025-08-27","tags":["addr:city","addr:country","addr:housenumber","addr:postcode","addr:street","addr:suburb","contact:phone","contact:website","currency:XBT","description:en","payment:lightning","payment:onchain"],"phone":"+4930577000050","instagram":null,"twitter":null,"cuisine":null,"payment":{"lightning":true,"onchain":true,"credit_cards":false,"cash":false}},{"id":"osm:node:2935266552","name":"Barberium","category":"hairdresser","lat":52.5064668,"lng":13.4693373,"country":"DE","city":"Berlin","coins":["BTC"],"address":"Barberium, 59, Boxhagener Straße, Boxhagener Kiez, Friedrichshain, Friedrichshain-Kreuzberg, Berlin, 10245, Deutschland","hours":"Tu-Fr 10:00-19:00, Sa 10:00-17:00","status":"active","source":"osm","last_verified":"2025-08-27","tags":["addr:city","addr:country","addr:housenumber","addr:postcode","addr:street","addr:suburb","check_date","check_date:currency:XBT","check_date:opening_hours","currency:XBT","payment:lightning","payment:onchain"],"phone":"+49 3068812626","instagram":null,"twitter":null,"cuisine":null,"payment":{"lightning":true,"onchain":true,"credit_cards":false,"cash":false},"website":null},{"id":"osm:node:3036860727","name":"Fabelhaft Bar","category":"bar","lat":52.4922712,"lng":13.4209764,"country":"DE","city":"Berlin","coins":["BTC"],"address":"Fabelhaft Bar, 6, Schönleinstraße, Graefekiez, Kreuzberg, Friedrichshain-Kreuzberg, Berlin, 10967, Deutschland","website":"http://fabelhaftberlin.de","hours":"Tu-Sa 19:00+","status":"active","source":"osm","last_verified":"2025-08-27","tags":["addr:city","addr:country","addr:housenumber","addr:postcode","addr:street","addr:suburb","amenity","check_date","check_date:currency:XBT","cuisine","payment:lightning","payment:onchain"],"phone":"+49 30 67965572","instagram":null,"twitter":null,"cuisine":"coffee_shop","payment":{"lightning":true,"onchain":true,"credit_cards":false,"cash":false}},{"id":"osm:node:3037805664","name":"ICE Aesthetic - Zentrum Kryolipolyse Berlin","category":"other","lat":52.5038258,"lng":13.3251553,"country":"DE","city":"Berlin","coins":["BTC"],"address":"ICE Aesthetic - Zentrum Kryolipolyse Berlin, 20-25, Uhlandstraße, Charlottenburg, Charlottenburg-Wilmersdorf, Berlin, 10623, Deutschland","website":"https://www.ice-aesthetic.de/","hours":"Mo-Fr 10:00-20:00; Sa 10:00-18:00","status":"active","source":"osm","last_verified":"2025-08-27","tags":["addr:city","addr:country","addr:housenumber","addr:postcode","addr:street","addr:suburb","currency:XBT","leisure","level","name","payment:lightning","payment:onchain"],"phone":"+49 30 68911584","instagram":null,"twitter":null,"cuisine":null,"payment":{"lightning":true,"onchain":true,"credit_cards":false,"cash":false}},{"id":"osm:node:3039050673","name":"WAHL Rechtsanwälte","category":"other","lat":52.5486396,"lng":13.4534484,"country":"DE","city":"Berlin","coins":["BTC"],"address":"WAHL Rechtsanwälte, 54, Berliner Allee, Munizipalviertel, Weißensee, Pankow, Berlin, 13088, Deutschland","website":"https://wahl-kanzlei.de","hours":"\"Nur nach Vereinbarung\"","status":"active","source":"osm","last_verified":"2025-08-27","tags":["addr:city","addr:country","addr:housenumber","addr:postcode","addr:street","addr:suburb","check_date","check_date:currency:XBT","check_date:opening_hours","contact:twitter","payment:lightning","payment:onchain"],"phone":"+49 30 9270680","instagram":null,"twitter":"MichaWahl","cuisine":null,"payment":{"lightning":true,"onchain":true,"credit_cards":false,"cash":false}},{"id":"osm:node:3039051050","name":"dg.digital","category":"other","lat":52.5497611,"lng":13.4568566,"country":"DE","city":"Berlin","coins":["BTC"],"address":"dg.digital, 89, Berliner Allee, Munizipalviertel, Weißensee, Pankow, Berlin, 13088, Deutschland","website":"https://www.dg.digital","status":"active","source":"osm","last_verified":"2025-08-27","tags":["addr:city","addr:country","addr:housenumber","addr:postcode","addr:street","addr:suburb","currency:XBT","name","office","payment:lightning","payment:onchain"],"phone":null,"instagram":null,"twitter":null,"cuisine":null,"payment":{"lightning":true,"onchain":true,"credit_cards":false,"cash":false}},{"id":"osm:node:3675739247","name":"C.Translations UG","category":"other","lat":52.502001,"lng":13.3335705,"country":"DE","city":"Berlin","coins":["BTC"],"address":"C.Translations UG, 26, Rankestraße, City West, Charlottenburg, Charlottenburg-Wilmersdorf, Berlin, 10789, Deutschland","website":"https://www.cengolio.com/","status":"active","source":"osm","last_verified":"2025-08-27","tags":["addr:city","addr:country","addr:housenumber","addr:postcode","addr:street","addr:suburb","currency:XBT","email","name","office","payment:lightning","payment:onchain"],"phone":"+49 30 20848835","instagram":null,"twitter":null,"cuisine":null,"payment":{"lightning":true,"onchain":true,"credit_cards":false,"cash":false}},{"id":"osm:node:3734954314","name":"Friedel Richter","category":"restaurant","lat":52.5281875,"lng":13.3914357,"country":"DE","city":"Berlin","coins":["BTC"],"address":"Friedel Richter, 199, Torstraße, Oranienburger Vorstadt, Mitte, Berlin, 10115, Deutschland","website":"https://friedelrichter.de","hours":"Mo-Fr 18:00-23:00","status":"active","source":"osm","last_verified":"2025-08-27","tags":["addr:city","addr:country","addr:housenumber","addr:postcode","addr:street","addr:suburb","amenity","check_date","check_date:currency:XBT","check_date:smoking","payment:lightning","payment:onchain"],"phone":"+49 30 27582234","instagram":null,"twitter":null,"cuisine":null,"payment":{"lightning":true,"onchain":true,"credit_cards":false,"cash":false}},{"id":"osm:node:3747274058","name":"Keith","category":"bar","lat":52.4782382,"lng":13.4213181,"country":"DE","city":"Berlin","coins":["BTC"],"address":"Keith, 2, Schillerpromenade, Schillerkiez, Neukölln, Berlin, 12049, Deutschland","website":"https://www.keithbarberlin.de/","hours":"Mo-Su 18:00-03:00","status":"active","source":"osm","last_verified":"2025-08-27","tags":["addr:city","addr:country","addr:housenumber","addr:postcode","addr:street","addr:suburb","amenity","brewery","check_date","check_date:currency:XBT","payment:lightning","payment:onchain"],"phone":null,"instagram":null,"twitter":null,"cuisine":null,"payment":{"lightning":true,"onchain":true,"credit_cards":false,"cash":false}},{"id":"osm:node:3937876098","name":"Hair Müller","category":"hairdresser","lat":52.5322911,"lng":13.395606,"country":"DE","city":"Berlin","coins":["BTC"],"address":"Hair Müller, 153, Invalidenstraße, Oranienburger Vorstadt, Mitte, Berlin, 10115, Deutschland","website":"https://www.hairmueller.de/","hours":"Mo-Fr 09:00-20:00","status":"active","source":"osm","last_verified":"2025-08-27","tags":["addr:city","addr:housenumber","addr:postcode","addr:street","check_date","check_date:currency:XBT","check_date:opening_hours","currency:XBT","female","male"],"phone":"+49 30 2408 3408","instagram":null,"twitter":null,"cuisine":null,"payment":{"lightning":false,"onchain":false,"credit_cards":false,"cash":false}},{"id":"osm:node:4211986089","name":"Subway","category":"fast_food","lat":52.6372706,"lng":13.2051209,"country":"DE","city":"Berlin","coins":["BTC"],"address":"Subway, 4c, Postplatz, Hennigsdorf, Oberhavel, Brandenburg, 16761, Deutschland","website":"https://restaurants.subway.com/de/deutschland/bb/hennigsdorf/postplatz-4-4c","hours":"Mo-Fr 09:00-20:00; Sa 10:00-20:00; PH,Su off","status":"active","source":"osm","last_verified":"2025-08-27","tags":["addr:city","addr:country","addr:housenumber","addr:postcode","addr:street","amenity","brand","brand:wikidata","brand:wikipedia","check_date","payment:lightning"],"phone":"+49 3302 7914671","instagram":null,"twitter":null,"cuisine":"sandwich","payment":{"lightning":true,"onchain":false,"credit_cards":false,"cash":false}},{"id":"osm:node:4294659989","name":"Onkel Philipp's Spielzeugwerkstatt","category":"toys","lat":52.536497,"lng":13.410587,"country":"DE","city":"Berlin","coins":["BTC"],"address":"Onkel Philipp's Spielzeugwerkstatt, 35, Choriner Straße, Kollwitzkiez, Prenzlauer Berg, Pankow, Berlin, 10435, Deutschland","website":"http://onkel-philipp.de","hours":"Tu-Sa 11:00-18:00","status":"active","source":"osm","last_verified":"2025-08-27","tags":["addr:city","addr:housenumber","addr:postcode","addr:street","check_date","check_date:currency:XBT","currency:XBT","level","name","opening_hours","payment:lightning","payment:onchain"],"phone":"+49304490491","instagram":null,"twitter":null,"cuisine":null,"payment":{"lightning":true,"onchain":true,"credit_cards":false,"cash":false}},{"id":"osm:node:4841008105","name":"Süssmädchen","category":"jewelry","lat":52.5335929,"lng":13.4036081,"country":"DE","city":"Berlin","coins":["BTC"],"address":"Süssmädchen, 23, Fehrbelliner Straße, Rosenthaler Vorstadt, Mitte, Berlin, 10119, Deutschland","website":"http://www.suessmaedchen.com","hours":"\"Termin & Abholung nach Absprache\"","status":"active","source":"osm","last_verified":"2025-08-27","tags":["addr:city","addr:country","addr:housenumber","addr:postcode","addr:street","addr:suburb","contact:website","currency:XBT","name","opening_hours","payment:lightning"],"phone":null,"instagram":null,"twitter":null,"cuisine":null,"payment":{"lightning":true,"onchain":false,"credit_cards":false,"cash":false}},{"id":"osm:node:4965923057","name":"Paranoid Internet","category":"other","lat":52.5126351,"lng":13.3897599,"country":"DE","city":"Berlin","coins":["BTC"],"address":"Paranoid Internet, 68, Friedrichstraße, Friedrichstadt, Mitte, Berlin, 10117, Deutschland","website":"https://paranoid-internet.de/","status":"active","source":"osm","last_verified":"2025-08-27","tags":["addr:city","addr:housenumber","addr:postcode","addr:street","contact:website","currency:XBT","description","name","office","official_name","payment:lightning","payment:onchain"],"phone":null,"instagram":null,"twitter":null,"cuisine":null,"payment":{"lightning":true,"onchain":true,"credit_cards":false,"cash":false}},{"id":"osm:node:4970428921","name":"Atheist Shoes","category":"shoes","lat":52.525194,"lng":13.402099,"country":"DE","city":"Berlin","coins":["BTC"],"address":"Atheist Shoes, 8, Sophienstraße, Spandauer Vorstadt, Mitte, Berlin, 10178, Deutschland","website":"https://atheist.shoes/","hours":"Mo 11:00-14:30,15:00-18:30; Tu,We-Fr 11:30-14:30,15:00-19:00; Sa 11:30-18:00; Su, PH off","status":"active","source":"osm","last_verified":"2025-08-27","tags":["check_date","currency:XBT","name","opening_hours","payment:lightning","payment:onchain","shop","website","wheelchair"],"phone":null,"instagram":null,"twitter":null,"cuisine":null,"payment":{"lightning":true,"onchain":true,"credit_cards":false,"cash":false}},{"id":"osm:node:7069855803","name":"All the Colors","category":"hairdresser","lat":52.531497,"lng":13.4341735,"country":"DE","city":"Berlin","coins":["BTC"],"address":"All the Colors, 28, Bötzowstraße, Bötzowkiez, Prenzlauer Berg, Pankow, Berlin, 10407, Deutschland","website":"https://www.allthecolorsberlin.de/","hours":"Mo-Sa 09:00-19:00","status":"active","source":"osm","last_verified":"2025-08-27","tags":["addr:city","addr:housenumber","addr:postcode","addr:street","check_date","check_date:currency:XBT","contact:instagram","currency:XBT","female","male","payment:lightning","payment:onchain"],"phone":"+49 30 13897404","instagram":"allthecolorsberlin","twitter":null,"cuisine":null,"payment":{"lightning":true,"onchain":true,"credit_cards":false,"cash":false}},{"id":"osm:node:7610691602","name":"Vater Bar","category":"bar","lat":52.4877308,"lng":13.4310767,"country":"DE","city":"Berlin","coins":["BTC"],"address":"Vater Bar, 202, Weserstraße, Reuterkiez, Neukölln, Berlin, 12047, Deutschland","status":"active","source":"osm","last_verified":"2025-08-27","tags":["addr:city","addr:country","addr:housenumber","addr:postcode","addr:street","addr:suburb","amenity","check_date:currency:XBT","contact:instagram","currency:XBT","payment:lightning"],"phone":null,"instagram":"https://www.instagram.com/vater_bar/","twitter":null,"cuisine":null,"payment":{"lightning":true,"onchain":false,"credit_cards":false,"cash":false},"website":null},{"id":"osm:node:8145412017","name":"Mein Palo Santo","category":"incense","lat":52.5367859,"lng":13.4175276,"country":"DE","city":"Berlin","coins":["BTC","ETH"],"address":"Mein Palo Santo, Kollwitzplatz, Kollwitzkiez, Prenzlauer Berg, Pankow, Berlin, 10435, Deutschland","website":"https://www.mein-palo-santo.de","hours":"Th 12:00-19:00","status":"active","source":"osm","last_verified":"2025-08-27","tags":["addr:city","addr:place","addr:postcode","check_date:currency:XBT","contact:website","currency:ADA","currency:ETH","currency:EUR","currency:USDT","currency:XBT","payment:cash","payment:credit_cards","payment:lightning","payment:onchain"],"phone":null,"instagram":null,"twitter":null,"cuisine":null,"payment":{"lightning":true,"onchain":true,"credit_cards":true,"cash":true}},{"id":"osm:node:8311143284","name":"Noku Studio","category":"other","lat":52.5111776,"lng":13.3958388,"country":"DE","city":"Berlin","coins":["BTC"],"address":"Noku Studio, 60, Leipziger Straße, Friedrichswerder, Mitte, Berlin, 10117, Deutschland","website":"https://www.nokustudio.com/","hours":"Mo-Fr 09:00-18:00","status":"active","source":"osm","last_verified":"2025-08-27","tags":["addr:city","addr:country","addr:housenumber","addr:postcode","addr:street","addr:suburb","contact:email","contact:phone","contact:website","currency:XBT","payment:lightning","payment:onchain"],"phone":"+49 159 06702453","instagram":null,"twitter":null,"cuisine":null,"payment":{"lightning":true,"onchain":true,"credit_cards":false,"cash":false}},{"id":"osm:node:9215009717","name":"Chipi Chipi Bombón","category":"ice_cream","lat":52.5131962,"lng":13.4525181,"country":"DE","city":"Berlin","coins":["BTC"],"address":"Chipi Chipi Bombón, 12, Warschauer Straße, Boxhagener Kiez, Friedrichshain, Friedrichshain-Kreuzberg, Berlin, 10243, Deutschland","website":"https://www.chipichipibombon.com","hours":"Su-Th 13:00-23:00, Fr,Sa 13:00-24:00","status":"active","source":"osm","last_verified":"2025-08-27","tags":["addr:city","addr:country","addr:housenumber","addr:postcode","addr:street","addr:suburb","amenity","check_date","check_date:currency:XBT","contact:facebook","payment:lightning","payment:onchain"],"phone":"+49 30 24032446","instagram":"chipichipibombon","twitter":"chipichipibmbn","cuisine":null,"payment":{"lightning":true,"onchain":true,"credit_cards":false,"cash":false}},{"id":"osm:node:9346510854","name":"wallbox","category":"charging_station","lat":52.3764876,"lng":13.6222673,"country":"DE","city":"Berlin","coins":["BTC"],"address":"wallbox, 22, Stubenrauchstraße, Eichwalde, Dahme-Spreewald, Brandenburg, 15732, Deutschland","status":"active","source":"osm","last_verified":"2025-08-27","tags":["access","addr:city","addr:housenumber","addr:postcode","addr:street","amenity","brand","capacity","charge","contact:email","payment:lightning"],"phone":null,"instagram":null,"twitter":null,"cuisine":null,"payment":{"lightning":true,"onchain":false,"credit_cards":false,"cash":false},"website":null},{"id":"osm:node:9911287150","name":"Legacy","category":"paint","lat":52.4926714,"lng":13.3701572,"country":"DE","city":"Berlin","coins":["BTC"],"address":"Legacy, 53, Yorckstraße, Crellekiez, Schöneberg, Tempelhof-Schöneberg, Berlin, 10965, Deutschland","website":"https://legacybln.de/","hours":"Mo-Sa 12:00-20:00; PH off","status":"active","source":"osm","last_verified":"2025-08-27","tags":["addr:city","addr:country","addr:housenumber","addr:postcode","addr:street","addr:suburb","check_date","contact:email","contact:facebook","contact:instagram","payment:lightning"],"phone":"+49 177 4693940","instagram":"instagram.com/legacybln","twitter":null,"cuisine":null,"payment":{"lightning":true,"onchain":false,"credit_cards":false,"cash":false}},{"id":"osm:node:10084805955","name":"Mood - Café & Spätkauf","category":"cafe","lat":52.5342275,"lng":13.4161615,"country":"DE","city":"Berlin","coins":["BTC"],"address":"Mood - Café & Spätkauf, 46, Kollwitzstraße, Kollwitzkiez, Prenzlauer Berg, Pankow, Berlin, 10405, Deutschland","website":"https://www.instagram.com/mood.spaeti.cafe/?r=nametag","hours":"Mo-Th 8:00-23:00; Fr-Sa 8:00-00:00; Su 09:00-23:00","status":"active","source":"osm","last_verified":"2025-08-27","tags":["addr:city","addr:housenumber","addr:postcode","addr:street","amenity","check_date:currency:XBT","cuisine","currency:XBT","name","opening_hours","payment:lightning"],"phone":null,"instagram":null,"twitter":null,"cuisine":"cafe;cake","payment":{"lightning":true,"onchain":false,"credit_cards":false,"cash":false}},{"id":"osm:node:10118305052","name":"Fulmo GmbH","category":"other","lat":52.5408009,"lng":13.4068129,"country":"DE","city":"Berlin","coins":["BTC"],"address":"Fulmo GmbH, 6-9, Eberswalder Straße, Gleimviertel, Prenzlauer Berg, Pankow, Berlin, 10437, Deutschland","website":"https://shop.fulmo.org/","status":"active","source":"osm","last_verified":"2025-08-27","tags":["addr:city","addr:housenumber","addr:postcode","addr:street","check_date:currency:XBT","currency:XBT","email","name","office","payment:lightning","payment:onchain"],"phone":"+49 30 9203838828","instagram":null,"twitter":null,"cuisine":null,"payment":{"lightning":true,"onchain":true,"credit_cards":false,"cash":false}},{"id":"osm:node:10134931577","name":"KOSAE jewellery & design","category":"jewelry","lat":52.533571,"lng":13.4036851,"country":"DE","city":"Berlin","coins":["BTC"],"address":"KOSAE jewellery & design, 23, Fehrbelliner Straße, Rosenthaler Vorstadt, Mitte, Berlin, 10119, Deutschland","hours":"Mo-Fr 15:00-19:00","status":"active","source":"osm","last_verified":"2025-08-27","tags":["addr:city","addr:housenumber","addr:postcode","addr:street","check_date","check_date:opening_hours","currency:XBT","name","opening_hours","payment:lightning"],"phone":null,"instagram":null,"twitter":null,"cuisine":null,"payment":{"lightning":true,"onchain":false,"credit_cards":false,"cash":false},"website":null},{"id":"osm:node:10272682416","name":"nexondo","category":"computer","lat":52.5342249,"lng":13.4020906,"country":"DE","city":"Berlin","coins":["BTC"],"address":"nexondo, 29, Fehrbelliner Straße, Rosenthaler Vorstadt, Mitte, Berlin, 10119, Deutschland","website":"https://nexondo.de/","hours":"24/7","status":"active","source":"osm","last_verified":"2025-08-27","tags":["addr:city","addr:housenumber","addr:postcode","addr:street","check_date:currency:XBT","contact:twitter","currency:XBT","description","email","name","payment:lightning","payment:onchain"],"phone":"+49 30 44048279","instagram":null,"twitter":"@nexondo","cuisine":null,"payment":{"lightning":true,"onchain":true,"credit_cards":false,"cash":false}},{"id":"osm:node:10277742928","name":"Fahrzeugpflege Laabs","category":"car_wash","lat":52.3960596,"lng":13.5323935,"country":"DE","city":"Berlin","coins":["BTC"],"address":"Fahrzeugpflege Laabs, 9, Schützenstraße, Schönefeld, Dahme-Spreewald, Brandenburg, 12529, Deutschland","website":"https://www.fahrzeugpflege-laabs.de","hours":"Mo-Fr 08:00-16:00","status":"active","source":"osm","last_verified":"2025-08-27","tags":["addr:city","addr:housenumber","addr:postcode","addr:street","amenity","check_date:currency:XBT","currency:XBT","description","email","name","payment:lightning","payment:onchain"],"phone":"+49 172 2767262","instagram":null,"twitter":null,"cuisine":null,"payment":{"lightning":true,"onchain":true,"credit_cards":false,"cash":false}},{"id":"osm:node:10297995578","name":"Physiotherapie Alexandros Swoch","category":"other","lat":52.4917336,"lng":13.2906484,"country":"DE","city":"Berlin","coins":["BTC"],"address":"Physiotherapie Alexandros Swoch, 7, Auguste-Viktoria-Straße, Grunewald, Charlottenburg-Wilmersdorf, Berlin, 14193, Deutschland","website":"https://fuessiotherapie.de","hours":"Mo-Fr 08:00-20:00","status":"active","source":"osm","last_verified":"2025-08-27","tags":["addr:city","addr:housenumber","addr:postcode","addr:street","check_date:currency:XBT","currency:XBT","email","healthcare","name","opening_hours","payment:lightning"],"phone":"+49 30 45030592","instagram":null,"twitter":null,"cuisine":null,"payment":{"lightning":true,"onchain":false,"credit_cards":false,"cash":false}},{"id":"osm:node:10313585322","name":"Café Holzmarktperle","category":"cafe","lat":52.511438,"lng":13.4268672,"country":"DE","city":"Berlin","coins":["BTC"],"address":"Café Holzmarktperle, 25, Holzmarktstraße, Andreasviertel, Friedrichshain, Friedrichshain-Kreuzberg, Berlin, 10243, Deutschland","hours":"Su-Th 10:30-18:00; Fr-Sa 10:30-19:00","status":"active","source":"osm","last_verified":"2025-08-27","tags":["addr:city","addr:housenumber","addr:postcode","addr:street","amenity","check_date:currency:XBT","contact:instagram","cuisine","currency:XBT","name","payment:lightning","payment:onchain"],"phone":null,"instagram":"holzmarktperle","twitter":null,"cuisine":"coffee_shop;cake","payment":{"lightning":true,"onchain":true,"credit_cards":false,"cash":false},"website":null},{"id":"osm:node:10698030584","name":"CI Space","category":"other","lat":52.5280242,"lng":13.3417811,"country":"DE","city":"Berlin","coins":["BTC"],"address":"CI Space, 9, Bugenhagenstraße, Alt-Moabit, Moabit, Mitte, Berlin, 10551, Deutschland","website":"https://cispace.isaci.com","hours":"Mo-Sa 10:00-22:00","status":"active","source":"osm","last_verified":"2025-08-27","tags":["addr:city","addr:housenumber","addr:postcode","addr:street","currency:XBT","internet_access","name","office","opening_hours","payment:lightning"],"phone":"+4915222157014","instagram":null,"twitter":null,"cuisine":null,"payment":{"lightning":true,"onchain":false,"credit_cards":false,"cash":false}},{"id":"osm:node:11054531199","name":"Mein Palo Santo","category":"other","lat":52.5112322,"lng":13.4592291,"country":"DE","city":"Berlin","coins":["BTC","ETH"],"address":"Mein Palo Santo, 72-74, Grünberger Straße, Boxhagener Kiez, Friedrichshain, Friedrichshain-Kreuzberg, Berlin, 10245, Deutschland","hours":"Sa: 9:30-16:00","status":"active","source":"osm","last_verified":"2025-08-27","tags":["addr:city","addr:housenumber","addr:postcode","addr:street","branch","check_date:currency:XBT","currency:ADA","currency:ETH","currency:EUR","name","payment:credit_cards","payment:lightning"],"phone":null,"instagram":null,"twitter":null,"cuisine":null,"payment":{"lightning":true,"onchain":false,"credit_cards":true,"cash":false},"website":null},{"id":"osm:node:11183254526","name":"Liebener Coaching","category":"other","lat":52.525895,"lng":13.4489086,"country":"DE","city":"Berlin","coins":["BTC"],"address":"Liebener Coaching, 3, Petersburger Straße, Richard-Sorge-Viertel, Friedrichshain, Friedrichshain-Kreuzberg, Berlin, 10249, Deutschland","website":"https://www.liebener-coaching.de/","status":"active","source":"osm","last_verified":"2025-08-27","tags":["addr:city","addr:housenumber","addr:postcode","addr:street","check_date","contact:email","currency:XBT","name","office","payment:lightning","payment:onchain"],"phone":"+491772353534","instagram":null,"twitter":null,"cuisine":null,"payment":{"lightning":true,"onchain":true,"credit_cards":false,"cash":false}},{"id":"osm:node:11377463071","name":"Karmen Kraft","category":"art","lat":52.5259171,"lng":13.4980609,"country":"DE","city":"Berlin","coins":["BTC"],"address":"Karmen Kraft, 55, Herzbergstraße, Lichtenberg, Berlin, 10365, Deutschland","website":"https://www.karmenkraft.com/","hours":"\"Atelierbesuch nach Vereinbarung / Studio visit by appointment\"","status":"active","source":"osm","last_verified":"2025-08-27","tags":["addr:city","addr:housenumber","addr:postcode","addr:street","artist_name","artwork_type","check_date","contact:email","contact:facebook","contact:instagram","payment:cash","payment:credit_cards","payment:lightning","payment:onchain"],"phone":null,"instagram":"karmenkraft","twitter":"KarmenKraft","cuisine":null,"payment":{"lightning":true,"onchain":true,"credit_cards":true,"cash":true}},{"id":"osm:node:11861712699","name":"Martina Lubanski, Grafik Design, Art Direktorin","category":"other","lat":52.4907057,"lng":13.3631375,"country":"DE","city":"Berlin","coins":["BTC"],"address":"Martina Lubanski, Grafik Design, Art Direktorin, 10, Willmanndamm, Crellekiez, Schöneberg, Tempelhof-Schöneberg, Berlin, 10827, Deutschland","website":"https://martinalubanski.com/","status":"active","source":"osm","last_verified":"2025-08-27","tags":["addr:city","addr:housenumber","addr:postcode","addr:street","currency:XBT","name","office","payment:lightning","payment:onchain","phone"],"phone":"+","instagram":null,"twitter":null,"cuisine":null,"payment":{"lightning":true,"onchain":true,"credit_cards":false,"cash":false}},{"id":"osm:node:11918209446","name":"Zimt & Pfeffer","category":"spices","lat":52.512325,"lng":13.4176575,"country":"DE","city":"Berlin","coins":["BTC"],"address":"Zimt & Pfeffer, Rungestraße, Luisenstadt, Mitte, Berlin, 10179, Deutschland","website":"https://zimtundpfeffer.com/","hours":"Mo-Fr 10:30-18:30,Sa 11:00-16:30; PH off","status":"active","source":"osm","last_verified":"2025-08-27","tags":["check_date","check_date:currency:XBT","currency:XBT","email","facebook","instagram","mobile","name","opening_hours","operator","payment:lightning"],"phone":"+49 30 96594428","instagram":null,"twitter":null,"cuisine":null,"payment":{"lightning":true,"onchain":false,"credit_cards":false,"cash":false}},{"id":"osm:node:11931158041","name":"Fotostudio Kreuzberg","category":"other","lat":52.4976631,"lng":13.4252092,"country":"DE","city":"Berlin","coins":["BTC"],"address":"Fotostudio Kreuzberg, 77, Manteuffelstraße, Luisenstadt, Kreuzberg, Friedrichshain-Kreuzberg, Berlin, 10999, Deutschland","website":"https://fotostudio-kreuzberg.de/","hours":"Mo-Fr 11:00-19:00","status":"active","source":"osm","last_verified":"2025-08-27","tags":["addr:city","addr:housenumber","addr:postcode","addr:street","check_date","craft","currency:XBT","name","opening_hours","operator","payment:lightning"],"phone":"+49 30 97893987","instagram":null,"twitter":null,"cuisine":null,"payment":{"lightning":true,"onchain":false,"credit_cards":false,"cash":false}},{"id":"osm:node:12009761189","name":"Tante Tom","category":"massage","lat":52.6188846,"lng":13.303273,"country":"DE","city":"Berlin","coins":["BTC"],"address":"Tante Tom, 169, Hermsdorfer Damm, Kurviertel, Hermsdorf, Reinickendorf, Berlin, 13467, Deutschland","website":"https://www.tante-tom.de/","hours":"Mo-Su 10:00-19:00","status":"active","source":"osm","last_verified":"2025-08-27","tags":["addr:city","addr:housenumber","addr:postcode","addr:street","contact:email","contact:facebook","contact:instagram","currency:EUR","currency:XBT","name","payment:cash","payment:lightning"],"phone":"+49 30 89 61 49 88","instagram":"tante_tom_","twitter":null,"cuisine":null,"payment":{"lightning":true,"onchain":false,"credit_cards":false,"cash":true}},{"id":"osm:node:12170692127","name":"Steinberg Imkerei","category":"other","lat":52.5958764,"lng":13.316332,"country":"DE","city":"Berlin","coins":["BTC"],"address":"Steinberg Imkerei, 21, Rosentreterpromenade, Cité Foch, Wittenau, Reinickendorf, Berlin, 13437, Deutschland","status":"active","source":"osm","last_verified":"2025-08-27","tags":["addr:city","addr:housenumber","addr:postcode","addr:street","craft","currency:XBT","email","name","operator","payment:lightning"],"phone":null,"instagram":null,"twitter":null,"cuisine":null,"payment":{"lightning":true,"onchain":false,"credit_cards":false,"cash":false},"website":null},{"id":"osm:node:12219015529","name":"RML","category":"other","lat":52.5294096,"lng":13.6148571,"country":"DE","city":"Berlin","coins":["BTC"],"address":"Rml, 4, Döbelner Straße, Schleipfuhl, Hellersdorf, Marzahn-Hellersdorf, Berlin, 12627, Deutschland","website":"https://rml-bau.de/","status":"active","source":"osm","last_verified":"2025-08-27","tags":["addr:city","addr:housenumber","addr:postcode","addr:street","addr:unit","check_date","check_date:currency:XBT","contact:email","currency:XBT","name","payment:lightning","payment:onchain"],"phone":"+49 30 232569400","instagram":null,"twitter":null,"cuisine":null,"payment":{"lightning":true,"onchain":true,"credit_cards":false,"cash":false}},{"id":"osm:node:12277896916","name":"David Tenorio Tattoo","category":"tattoo","lat":52.490285,"lng":13.393468,"country":"DE","city":"Berlin","coins":["BTC"],"address":"David Tenorio Tattoo, 3, Riemannstraße, Bergmannkiez, Kreuzberg, Friedrichshain-Kreuzberg, Berlin, 10961, Deutschland","website":"https://www.davidtenorioart.com/","hours":"We 16:00-19:00","status":"active","source":"osm","last_verified":"2025-08-27","tags":["addr:city","addr:housenumber","addr:postcode","addr:street","check_date","contact:email","contact:instagram","contact:twitter","currency:XBT","name","payment:lightning","payment:onchain"],"phone":"+49 176 37627423","instagram":"https://www.instagram.com/david_tenorio_art/","twitter":"https://x.com/davinik_art","cuisine":null,"payment":{"lightning":true,"onchain":true,"credit_cards":false,"cash":false}},{"id":"osm:node:12386806388","name":"Fabio Pasta (Wochenmarkt Kollwitzplatz)","category":"fast_food","lat":52.5370744,"lng":13.4189075,"country":"DE","city":"Berlin","coins":["BTC"],"address":"Fabio Pasta (Wochenmarkt Kollwitzplatz), Kollwitzplatz, Kollwitzkiez, Prenzlauer Berg, Pankow, Berlin, 10435, Deutschland","hours":"Sa 09:00-17:00","status":"active","source":"osm","last_verified":"2025-08-27","tags":["addr:city","addr:place","addr:postcode","amenity","check_date","check_date:currency:XBT","cuisine","currency:EUR","currency:XBT","diet:meat","payment:cash","payment:lightning","payment:onchain"],"phone":null,"instagram":null,"twitter":null,"cuisine":"pizza;italian_pizza","payment":{"lightning":true,"onchain":true,"credit_cards":false,"cash":true},"website":null},{"id":"osm:node:12400272704","name":"AndresEDV & Consulting","category":"other","lat":52.537711,"lng":13.2647765,"country":"DE","city":"Berlin","coins":["BTC"],"address":"AndresEDV & Consulting, 1, Jugendweg, Alt-Siemensstadt, Siemensstadt, Spandau, Berlin, 13629, Deutschland","website":"https://www.andresedv.de/","status":"active","source":"osm","last_verified":"2025-08-27","tags":["addr:city","addr:housenumber","addr:postcode","addr:street","check_date","contact:email","currency:XBT","name","office","payment:lightning","payment:onchain"],"phone":"+49 30 89561674","instagram":null,"twitter":null,"cuisine":null,"payment":{"lightning":true,"onchain":true,"credit_cards":false,"cash":false}},{"id":"osm:node:12459074874","name":"Studio Zitrone","category":"other","lat":52.4896111,"lng":13.3835322,"country":"DE","city":"Berlin","coins":["BTC"],"address":"Studio Zitrone, 72 HH, Kreuzbergstraße, Chamissokiez, Kreuzberg, Friedrichshain-Kreuzberg, Berlin, 10965, Deutschland","website":"https://bip39cups.com/","status":"active","source":"osm","last_verified":"2025-08-27","tags":["addr:city","addr:housenumber","addr:postcode","addr:street","alt_name","craft","currency:XBT","name","payment:lightning","payment:onchain"],"phone":null,"instagram":null,"twitter":null,"cuisine":null,"payment":{"lightning":true,"onchain":true,"credit_cards":false,"cash":false}},{"id":"osm:node:12754079336","name":"Dirty Jobs","category":"other","lat":52.5096218,"lng":13.4678152,"country":"DE","city":"Berlin","coins":["BTC"],"address":"Dirty Jobs, 12, Weserstraße, Boxhagener Kiez, Friedrichshain, Friedrichshain-Kreuzberg, Berlin, 10247, Deutschland","website":"https://www.linkedin.com/in/paolopenna/","hours":"24/7","status":"active","source":"osm","last_verified":"2025-08-27","tags":["addr:city","addr:housenumber","addr:postcode","addr:street","check_date","check_date:currency:XBT","currency:XBT","description","fixme","name","payment:lightning","payment:onchain"],"phone":"+49 1734507611","instagram":null,"twitter":null,"cuisine":null,"payment":{"lightning":true,"onchain":true,"credit_cards":false,"cash":false}},{"id":"osm:node:12850682170","name":"Massage Miguel","category":"massage","lat":52.5654187,"lng":13.3939563,"country":"DE","city":"Berlin","coins":["BTC"],"address":"Massage Miguel, 1, Schulzestraße, Florakiez, Pankow, Berlin, 13187, Deutschland","website":"https://www.massagemiguel.de/","hours":"Mo-Su 09:00-21:00","status":"active","source":"osm","last_verified":"2025-08-27","tags":["addr:city","addr:housenumber","addr:postcode","addr:street","check_date","check_date:currency:XBT","contact:instagram","currency:XBT","name","opening_hours","payment:lightning","payment:onchain"],"phone":"+49 1577 428 6598","instagram":"massagemiguel","twitter":null,"cuisine":null,"payment":{"lightning":true,"onchain":true,"credit_cards":false,"cash":false}},{"id":"osm:node:12853222862","name":"A.C.T. Computer TEAM","category":"computer","lat":52.4246474,"lng":13.5856438,"country":"DE","city":"Berlin","coins":["BTC"],"address":"A.C.T. Computer TEAM, 366, Wendenschloßstraße, Köpenick, Treptow-Köpenick, Berlin, 12557, Deutschland","website":"https://www.act-computer.de","hours":"Mo-Fr 09:00-17:00","status":"active","source":"osm","last_verified":"2025-08-27","tags":["addr:city","addr:housenumber","addr:postcode","addr:street","check_date","check_date:currency:XBT","currency:XBT","internet_access","level","name","payment:cash","payment:lightning","payment:onchain"],"phone":"+49 30 81 85 99 01","instagram":null,"twitter":null,"cuisine":null,"payment":{"lightning":true,"onchain":true,"credit_cards":false,"cash":true}}]
