[{"id":"osm:node:12042727109","name":"COCOROTUS FOODTRUCK","category":"fast_food","lat":35.6405596,"lng":139.7412773,"country":"JP","city":"Tokyo","coins":["BTC"],"address":"Cocorotus Foodtruck, 24, 三田三丁目, 三田, 港区, 東京都, 108-0073, 日本","website":"https://cocorotus.com/map","hours":"Tu,Fr 11:30-14:00;","status":"active","source":"osm","last_verified":"2025-08-27","tags":["addr:block_number","addr:city","addr:housenumber","addr:neighbourhood","addr:postcode","addr:province","amenity","branch","cuisine","currency:XBT","payment:lightning","payment:lightning"],"facebook":null,"cuisine":"asian","wifi":null,"wifi_fee":null,"wheelchair":null,"smoking":null,"delivery":null,"takeaway":null,"payment":{"lightning":true,"onchain":false,"credit_cards":false,"cash":true}},{"id":"osm:node:12042761104","name":"COCOROTUS FOODTRUCK","category":"fast_food","lat":35.6845914,"lng":139.7433332,"country":"JP","city":"Tokyo","coins":["BTC"],"address":"Cocorotus Foodtruck, 麹町一丁目, 麹町, 千代田区, 東京都, 102-0083, 日本","website":"https://cocorotus.com/map","hours":"Tu-Fr 11:30-14:00;","status":"active","source":"osm","last_verified":"2025-08-27","tags":["addr:block_number","addr:city","addr:neighbourhood","addr:postcode","addr:province","amenity","branch","cuisine","currency:XBT","name","payment:lightning","payment:lightning"],"facebook":null,"cuisine":"asian","wifi":null,"wifi_fee":null,"wheelchair":null,"smoking":null,"delivery":null,"takeaway":null,"payment":{"lightning":true,"onchain":false,"credit_cards":false,"cash":true}},{"id":"osm:node:12042778966","name":"COCOROTUS FOODTRUCK","category":"fast_food","lat":35.6660125,"lng":139.7040305,"country":"JP","city":"Tokyo","coins":["BTC"],"address":"Cocorotus Foodtruck, 17, 神宮前六丁目, 神宮前, 渋谷区, 東京都, 150-0001, 日本","website":"https://cocorotus.com/map","hours":"Tu 11:30-14:30","status":"active","source":"osm","last_verified":"2025-08-27","tags":["addr:block_number","addr:city","addr:housenumber","addr:neighbourhood","addr:postcode","addr:province","amenity","branch","cuisine","currency:XBT","payment:lightning","payment:lightning"],"facebook":null,"cuisine":"asian","wifi":null,"wifi_fee":null,"wheelchair":null,"smoking":null,"delivery":null,"takeaway":null,"payment":{"lightning":true,"onchain":false,"credit_cards":false,"cash":true}},{"id":"osm:node:12042922193","name":"COCOROTUS FOODTRUCK","category":"fast_food","lat":35.6737618,"lng":139.7067037,"country":"JP","city":"Tokyo","coins":["BTC"],"address":"Cocorotus Foodtruck, 8, 神宮前一丁目, 神宮前, 渋谷区, 東京都, 150-0001, 日本","website":"https://cocorotus.com/map","hours":"We 11:30-14:30","status":"active","source":"osm","last_verified":"2025-08-27","tags":["addr:block_number","addr:city","addr:housenumber","addr:neighbourhood","addr:postcode","addr:province","amenity","branch","cuisine","currency:XBT","payment:lightning","payment:lightning"],"facebook":null,"cuisine":"asian","wifi":null,"wifi_fee":null,"wheelchair":null,"smoking":null,"delivery":null,"takeaway":null,"payment":{"lightning":true,"onchain":false,"credit_cards":false,"cash":true}},{"id":"osm:node:12035530325","name":"COCOROTUS FOODTRUCK【NPC九段南】","category":"fast_food","lat":35.6920638,"lng":139.740991,"country":"JP","city":"Tokyo","coins":["BTC"],"address":"Cocorotus Foodtruck, 11, 九段南四丁目, 九段南, 千代田区, 東京都, 102-0074, 日本","website":"https://cocorotus.com","hours":"Mo 11:30-14:30","status":"active","source":"osm","last_verified":"2025-08-27","tags":["addr:block_number","addr:city","addr:housenumber","addr:neighbourhood","addr:postcode","addr:province","addr:quarter","amenity","contact:twitter","cuisine","payment:lightning","payment:lightning"],"twitter":"https://x.com/ch0meji","facebook":null,"cuisine":"asian","wifi":null,"wifi_fee":null,"wheelchair":null,"smoking":null,"delivery":null,"takeaway":null,"payment":{"lightning":true,"onchain":false,"credit_cards":false,"cash":true}},{"id":"osm:node:12042721366","name":"COCOROTUS FOODTRUCK【USEN店】","category":"fast_food","lat":35.654859,"lng":139.6928787,"country":"JP","city":"Tokyo","coins":["BTC"],"address":"Cocorotus Foodtruck, 8, 神泉町, 渋谷区, 東京都, 150-0045, 日本","website":"https://cocorotus.com/map","hours":"Tu 11:30-14:30","status":"active","source":"osm","last_verified":"2025-08-27","tags":["addr:block_number","addr:city","addr:housename","addr:housenumber","addr:neighbourhood","addr:postcode","addr:province","amenity","cuisine","currency:XBT","payment:lightning","payment:lightning"],"facebook":null,"cuisine":"asian","wifi":null,"wifi_fee":null,"wheelchair":null,"smoking":null,"delivery":null,"takeaway":null,"payment":{"lightning":true,"onchain":false,"credit_cards":false,"cash":true}},{"id":"osm:node:10588516242","name":"COCOROTUS FOODTRUCK【アベマタワーよこ店】","category":"fast_food","lat":35.6624229,"lng":139.6956991,"country":"JP","city":"Tokyo","coins":["BTC"],"address":"COCOROTUS FOODTRUCK【アベマタワーよこ店】, 宇田川町, 渋谷区, 東京都, 150-0042, 日本","website":"https://cocorotus.com","hours":"Mon,Thu 11:30-14:30","status":"active","source":"osm","last_verified":"2025-08-27","tags":["addr:city","addr:neighbourhood","addr:postcode","addr:province","addr:quarter","amenity","check_date:currency:XBT","contact:twitter","cuisine","currency:XBT","payment:lightning","payment:lightning"],"twitter":"https://x.com/ch0meji","facebook":null,"cuisine":"asian","wifi":null,"wifi_fee":null,"wheelchair":null,"smoking":null,"delivery":null,"takeaway":null,"payment":{"lightning":true,"onchain":false,"credit_cards":false,"cash":true}},{"id":"osm:node:12035542961","name":"COCOROTUS FOODTRUCK【キネティックアーツ渋谷】","category":"fast_food","lat":35.6559524,"lng":139.7049089,"country":"JP","city":"Tokyo","coins":["BTC"],"address":"Cocorotus Foodtruck, 11, 渋谷三丁目, 渋谷, 渋谷区, 東京都, 150-0002, 日本","website":"https://cocorotus.com","hours":"Mo-We 11:30-14:30","status":"active","source":"osm","last_verified":"2025-08-27","tags":["addr:block_number","addr:city","addr:floor","addr:housename","addr:housenumber","addr:neighbourhood","addr:postcode","addr:province","amenity","contact:twitter","payment:lightning","payment:lightning"],"twitter":"https://x.com/ch0meji","facebook":null,"cuisine":"asian","wifi":null,"wifi_fee":null,"wheelchair":null,"smoking":null,"delivery":null,"takeaway":null,"payment":{"lightning":true,"onchain":false,"credit_cards":false,"cash":true}},{"id":"osm:node:12043010287","name":"COCOROTUS FOODTRUCK【ユーザーベース店】※一般不可","category":"fast_food","lat":35.6798365,"lng":139.7637066,"country":"JP","city":"Tokyo","coins":["BTC"],"address":"Cocorotus Foodtruck, 2, 丸の内, 千代田区, 東京都, 100-0005, 日本","website":"https://cocorotus.com/map","hours":"木曜日 11:30-13:30","status":"active","source":"osm","last_verified":"2025-08-27","tags":["addr:block_number","addr:city","addr:housenumber","addr:neighbourhood","addr:postcode","addr:province","addr:quarter","amenity","cuisine","currency:XBT","payment:lightning","payment:lightning"],"facebook":null,"cuisine":"asian","wifi":null,"wifi_fee":null,"wheelchair":null,"smoking":null,"delivery":null,"takeaway":null,"payment":{"lightning":true,"onchain":false,"credit_cards":false,"cash":true}},{"id":"osm:node:12035292348","name":"COCOROTUS FOODTRUCK【元赤坂店】","category":"fast_food","lat":35.6776279,"lng":139.7329057,"country":"JP","city":"Tokyo","coins":["BTC"],"address":"COCOROTUS FOODTRUCK【元赤坂店】, 26, 元赤坂一丁目, 元赤坂, 港区, 東京都, 107-0051, 日本","website":"https://cocorotus.com","hours":"Mo 11:30-14:00","status":"active","source":"osm","last_verified":"2025-08-27","tags":["addr:block_number","addr:city","addr:floor","addr:housename","addr:housenumber","addr:neighbourhood","addr:postcode","addr:province","amenity","check_date:currency:XBT","payment:lightning","payment:lightning"],"twitter":"https://x.com/ch0meji","facebook":null,"cuisine":"asian","wifi":null,"wifi_fee":null,"wheelchair":null,"smoking":null,"delivery":null,"takeaway":null,"payment":{"lightning":true,"onchain":false,"credit_cards":false,"cash":true}},{"id":"osm:node:12042728717","name":"COCOROTUS FOODTRUCK【全共連ビル麹町館店】","category":"fast_food","lat":35.6834278,"lng":139.7391817,"country":"JP","city":"Tokyo","coins":["BTC"],"address":"Cocorotus Foodtruck, 貝坂通り, 麹町三丁目, 麹町, 千代田区, 東京都, 102-0083, 日本","website":"https://cocorotus.com/map","hours":"月,水,木,金曜日 11:30-14:00","status":"active","source":"osm","last_verified":"2025-08-27","tags":["amenity","cuisine","currency:XBT","name","opening_hours","payment:cash","payment:lightning","payment:lightning_contactless","payment:onchain","payment:paypay","payment:lightning","payment:lightning"],"facebook":null,"cuisine":"asian","wifi":null,"wifi_fee":null,"wheelchair":null,"smoking":null,"delivery":null,"takeaway":null,"payment":{"lightning":true,"onchain":true,"credit_cards":false,"cash":true}},{"id":"osm:node:12035549952","name":"COCOROTUS FOODTRUCK【六本木】","category":"fast_food","lat":35.6595639,"lng":139.7322913,"country":"JP","city":"Tokyo","coins":["BTC"],"address":"Cocorotus Foodtruck, 23, 六本木六丁目, 港区, 東京都, 106-0032, 日本","website":"https://cocorotus.com","hours":"Mo 11:30-14:30","status":"active","source":"osm","last_verified":"2025-08-27","tags":["addr:block_number","addr:city","addr:housenumber","addr:neighbourhood","addr:postcode","addr:province","amenity","contact:twitter","cuisine","currency:XBT","payment:lightning","payment:lightning"],"twitter":"https://x.com/ch0meji","facebook":null,"cuisine":"asian","wifi":null,"wifi_fee":null,"wheelchair":null,"smoking":null,"delivery":null,"takeaway":null,"payment":{"lightning":true,"onchain":false,"credit_cards":false,"cash":true}},{"id":"osm:node:12035497705","name":"COCOROTUS FOODTRUCK【北青山二丁目店】","category":"fast_food","lat":35.6714349,"lng":139.7157364,"country":"JP","city":"Tokyo","coins":["BTC"],"address":"Cocorotus Foodtruck, 20, 北青山二丁目, 北青山, 港区, 東京都, 107-0062, 日本","website":"https://cocorotus.com","hours":"Mo 11:30-14:30","status":"active","source":"osm","last_verified":"2025-08-27","tags":["addr:block_number","addr:city","addr:housenumber","addr:neighbourhood","addr:postcode","addr:province","amenity","contact:twitter","cuisine","currency:XBT","payment:lightning","payment:lightning"],"twitter":"https://x.com/ch0meji","facebook":null,"cuisine":"asian","wifi":null,"wifi_fee":null,"wheelchair":null,"smoking":null,"delivery":null,"takeaway":null,"payment":{"lightning":true,"onchain":false,"credit_cards":false,"cash":true}},{"id":"osm:node:12043012226","name":"COCOROTUS FOODTRUCK【慶應義塾大学病院店】※一般不可","category":"fast_food","lat":35.6823202,"lng":139.7183932,"country":"JP","city":"Tokyo","coins":["BTC"],"address":"慶應義塾大学 信濃町キャンパス, 信濃町, 新宿区, 東京都, 160-8582, 日本","website":"https://cocorotus.com/map","hours":"木,金曜日 11:30-15:00","status":"active","source":"osm","last_verified":"2025-08-27","tags":["addr:block_number","addr:city","addr:neighbourhood","addr:postcode","addr:province","addr:quarter","amenity","cuisine","currency:XBT","drive_through","payment:lightning","payment:lightning"],"facebook":null,"cuisine":"asian","wifi":null,"wifi_fee":null,"wheelchair":null,"smoking":null,"delivery":null,"takeaway":null,"payment":{"lightning":true,"onchain":false,"credit_cards":false,"cash":true}},{"id":"osm:node:12042946250","name":"COCOROTUS FOODTRUCK【成蹊大学店】※一般不可","category":"fast_food","lat":35.7114406,"lng":139.5727023,"country":"JP","city":"Tokyo","coins":["BTC"],"address":"Cocorotus Foodtruck, 1, 武蔵野市, 東京都, 180-8633, 日本","website":"https://cocorotus.com/map","hours":"木曜日 11:30-14:00","status":"active","source":"osm","last_verified":"2025-08-27","tags":["addr:block_number","addr:city","addr:housenumber","addr:neighbourhood","addr:postcode","addr:province","addr:quarter","amenity","cuisine","currency:XBT","payment:lightning","payment:lightning"],"facebook":null,"cuisine":"asian","wifi":null,"wifi_fee":null,"wheelchair":null,"smoking":null,"delivery":null,"takeaway":null,"payment":{"lightning":true,"onchain":false,"credit_cards":false,"cash":true}},{"id":"osm:node:12042999697","name":"COCOROTUS FOODTRUCK【日本橋長崎館店】","category":"fast_food","lat":35.6827327,"lng":139.772891,"country":"JP","city":"Tokyo","coins":["BTC"],"address":"Cocorotus Foodtruck, 3, 日本橋二丁目, 日本橋, 中央区, 東京都, 103-0027, 日本","website":"https://cocorotus.com/map","hours":"金曜日 11:30-14:00","status":"active","source":"osm","last_verified":"2025-08-27","tags":["addr:block_number","addr:city","addr:housenumber","addr:neighbourhood","addr:postcode","addr:province","addr:quarter","amenity","cuisine","currency:XBT","payment:lightning","payment:lightning"],"facebook":null,"cuisine":"asian","wifi":null,"wifi_fee":null,"wheelchair":null,"smoking":null,"delivery":null,"takeaway":null,"payment":{"lightning":true,"onchain":false,"credit_cards":false,"cash":true}},{"id":"osm:node:12042959224","name":"COCOROTUS FOODTRUCK【渋谷ファッション＆専門学校店】","category":"fast_food","lat":35.6638195,"lng":139.7037739,"country":"JP","city":"Tokyo","coins":["BTC"],"address":"Cocorotus Foodtruck, 7, 渋谷一丁目, 渋谷, 渋谷区, 東京都, 150-0002, 日本","website":"https://cocorotus.com/map","hours":"木曜日 11:30-14:30","status":"active","source":"osm","last_verified":"2025-08-27","tags":["addr:block_number","addr:city","addr:housenumber","addr:neighbourhood","addr:postcode","addr:province","addr:quarter","amenity","cuisine","currency:XBT","payment:lightning","payment:lightning"],"facebook":null,"cuisine":"asian","wifi":null,"wifi_fee":null,"wheelchair":"yes","smoking":null,"delivery":null,"takeaway":null,"payment":{"lightning":true,"onchain":false,"credit_cards":false,"cash":true}},{"id":"osm:node:12042935482","name":"COCOROTUS FOODTRUCK【溜池山王店】","category":"fast_food","lat":35.6719997,"lng":139.7393153,"country":"JP","city":"Tokyo","coins":["BTC"],"address":"Cocorotus Foodtruck, 7, 赤坂二丁目, 赤坂, 港区, 東京都, 107-0052, 日本","website":"https://cocorotus.com/map","hours":"水,木曜日 11:30-14:30","status":"active","source":"osm","last_verified":"2025-08-27","tags":["addr:block_number","addr:city","addr:housenumber","addr:neighbourhood","addr:postcode","addr:province","addr:quarter","amenity","cuisine","currency:XBT","payment:lightning","payment:lightning"],"facebook":null,"cuisine":"asian","wifi":null,"wifi_fee":null,"wheelchair":null,"smoking":null,"delivery":null,"takeaway":null,"payment":{"lightning":true,"onchain":false,"credit_cards":false,"cash":true}},{"id":"osm:node:12042878656","name":"COCOROTUS FOODTRUCK【神泉】","category":"fast_food","lat":35.6569002,"lng":139.6943274,"country":"JP","city":"Tokyo","coins":["BTC"],"address":"Cocorotus Foodtruck, 2, 円山町, 渋谷区, 東京都, 150-0044, 日本","website":"https://cocorotus.com/map","hours":"We 11:30-14:30;","status":"active","source":"osm","last_verified":"2025-08-27","tags":["addr:block_number","addr:city","addr:housenumber","addr:neighbourhood","addr:postcode","addr:province","amenity","cuisine","currency:XBT","name","payment:lightning","payment:lightning"],"facebook":null,"cuisine":"asian","wifi":null,"wifi_fee":null,"wheelchair":null,"smoking":null,"delivery":null,"takeaway":null,"payment":{"lightning":true,"onchain":false,"credit_cards":false,"cash":true}},{"id":"osm:node:12042759194","name":"COCOROTUS FOODTRUCK【芝店】","category":"fast_food","lat":35.6517002,"lng":139.746685,"country":"JP","city":"Tokyo","coins":["BTC"],"address":"Cocorotus Foodtruck, 7, 芝三丁目, 芝, 港区, 東京都, 105-0014, 日本","website":"https://cocorotus.com/map","hours":"水曜日 11:30-14:00","status":"active","source":"osm","last_verified":"2025-08-27","tags":["addr:block_number","addr:city","addr:housenumber","addr:neighbourhood","addr:postcode","addr:province","addr:quarter","amenity","cuisine","currency:XBT","payment:lightning","payment:lightning"],"facebook":null,"cuisine":"asian","wifi":null,"wifi_fee":null,"wheelchair":null,"smoking":null,"delivery":null,"takeaway":null,"payment":{"lightning":true,"onchain":false,"credit_cards":false,"cash":true}},{"id":"osm:node:12042878655","name":"COCOROTUS FOODTRUCK【虎ノ門】","category":"fast_food","lat":35.6658447,"lng":139.7480397,"country":"JP","city":"Tokyo","coins":["BTC"],"address":"Cocorotus Foodtruck, 5, 愛宕一丁目, 愛宕, 港区, 東京都, 105-0001, 日本","website":"https://cocorotus.com/map","hours":"水曜日 11:30-14:00","status":"active","source":"osm","last_verified":"2025-08-27","tags":["addr:block_number","addr:city","addr:housenumber","addr:neighbourhood","addr:postcode","addr:province","addr:quarter","amenity","cuisine","currency:XBT","payment:lightning","payment:lightning"],"facebook":null,"cuisine":"asian","wifi":null,"wifi_fee":null,"wheelchair":null,"smoking":null,"delivery":null,"takeaway":null,"payment":{"lightning":true,"onchain":false,"credit_cards":false,"cash":true}},{"id":"osm:node:12042891967","name":"COCOROTUS FOODTRUCK【虎ノ門琴平タワー店】","category":"fast_food","lat":35.6698489,"lng":139.7480655,"country":"JP","city":"Tokyo","coins":["BTC"],"address":"Cocorotus Foodtruck, 8, 虎ノ門一丁目, 虎ノ門, 港区, 東京都, 105-0001, 日本","website":"https://cocorotus.com/map","hours":"水曜日 11:30-14:00","status":"active","source":"osm","last_verified":"2025-08-27","tags":["addr:block_number","addr:city","addr:housenumber","addr:neighbourhood","addr:postcode","addr:province","addr:quarter","amenity","cuisine","currency:XBT","payment:lightning","payment:lightning"],"facebook":null,"cuisine":"asian","wifi":null,"wifi_fee":null,"wheelchair":null,"smoking":null,"delivery":null,"takeaway":null,"payment":{"lightning":true,"onchain":false,"credit_cards":false,"cash":true}},{"id":"osm:node:12035489396","name":"COCOROTUS FOODTRUCK【青山小学校】","category":"fast_food","lat":35.6701161,"lng":139.7184945,"country":"JP","city":"Tokyo","coins":["BTC"],"address":"Cocorotus Foodtruck, 3, 南青山, 港区, 東京都, 107-0062, 日本","website":"https://cocorotus.com","hours":"月、木曜日 11:30-14:30","status":"active","source":"osm","last_verified":"2025-08-27","tags":["addr:block_number","addr:city","addr:housenumber","addr:neighbourhood","addr:postcode","addr:province","addr:quarter","amenity","contact:twitter","cuisine","payment:lightning","payment:lightning"],"twitter":"https://x.com/ch0meji","facebook":null,"cuisine":"asian","wifi":null,"wifi_fee":null,"wheelchair":null,"smoking":null,"delivery":null,"takeaway":null,"payment":{"lightning":true,"onchain":false,"credit_cards":false,"cash":true}},{"id":"osm:node:12042960401","name":"COCOROTUS FOODTRUCK【麹町店】","category":"fast_food","lat":35.6834978,"lng":139.7392786,"country":"JP","city":"Tokyo","coins":["BTC"],"address":"Cocorotus Foodtruck, 24, 麹町三丁目, 麹町, 千代田区, 東京都, 102-0083, 日本","website":"https://cocorotus.com/map","hours":"金曜日 11:30-14:00","status":"active","source":"osm","last_verified":"2025-08-27","tags":["addr:block_number","addr:city","addr:housenumber","addr:neighbourhood","addr:postcode","addr:province","addr:quarter","amenity","cuisine","currency:XBT","payment:lightning","payment:lightning"],"facebook":null,"cuisine":"asian","wifi":null,"wifi_fee":null,"wheelchair":null,"smoking":null,"delivery":null,"takeaway":null,"payment":{"lightning":true,"onchain":false,"credit_cards":false,"cash":true}},{"id":"osm:node:10578838487","name":"CryptoBar P2P","category":"bar","lat":35.6713528,"lng":139.7640023,"country":"JP","city":"Tokyo","coins":["BTC"],"address":"CryptoBar P2P, 銀座五丁目, 銀座, 中央区, 東京都, 104-0061, 日本","website":"https://cryptobarp2p.io","status":"active","source":"osm","last_verified":"2025-08-27","tags":["addr:city","addr:neighbourhood","addr:postcode","addr:province","addr:quarter","addr:suburb","amenity","check_date:currency:XBT","currency:XBT","name","payment:lightning","payment:onchain","payment:lightning","payment:onchain"],"facebook":null,"wifi":null,"wifi_fee":null,"wheelchair":null,"smoking":null,"delivery":null,"takeaway":null,"payment":{"lightning":true,"onchain":true,"credit_cards":false,"cash":false}},{"id":"osm:node:12355343683","name":"Shisha Bar & Cafe Iwashiclub","category":"cafe","lat":35.7013964,"lng":139.7525421,"country":"JP","city":"Tokyo","coins":["BTC"],"address":"Shisha Bar & Cafe Iwashiclub, 水道橋西通り, 神田三崎町二丁目, 神田三崎町, 千代田区, 東京都, 102-0000, 日本","hours":"Mo-Su 12:00-23:30","status":"active","source":"osm","last_verified":"2025-08-27","tags":["amenity","check_date","contact:instagram","currency:XBT","name","opening_hours","payment:lightning","payment:lightning_contactless","payment:onchain","phone","payment:lightning","payment:lightning"],"phone":"+81-3687-50208","instagram":"https://www.instagram.com/iwashiclubtokyo","facebook":null,"wifi":null,"wifi_fee":null,"wheelchair":null,"smoking":null,"delivery":null,"takeaway":null,"payment":{"lightning":true,"onchain":true,"credit_cards":false,"cash":false},"website":null},{"id":"osm:node:10587756680","name":"The Pink Cow","category":"restaurant","lat":35.6721034,"lng":139.7396987,"country":"JP","city":"Tokyo","coins":["BTC"],"address":"The Pink Cow, エスプラナード赤坂通り, 赤坂二丁目, 赤坂, 港区, 東京都, 107-6390, 日本","website":"https://thepinkcow.com","status":"active","source":"osm","last_verified":"2025-08-27","tags":["amenity","check_date","check_date:currency:XBT","cuisine","currency:XBT","name","payment:cash","payment:credit_cards","payment:lightning","payment:lightning_contactless","payment:lightning","payment:lightning"],"phone":"+81 3 4400 8656","facebook":null,"cuisine":"mexican","wifi":null,"wifi_fee":null,"wheelchair":null,"smoking":null,"delivery":null,"takeaway":null,"payment":{"lightning":true,"onchain":false,"credit_cards":true,"cash":true}},{"id":"osm:node:12599810937","name":"Tokyo Bitcoin Base","category":"other","lat":35.6889533,"lng":139.7286142,"country":"JP","city":"Tokyo","coins":["BTC"],"address":"Tokyo Bitcoin Base, 外堀通り, 四谷本塩町, 四谷, 新宿区, 東京都, 160-8484, 日本","website":"https://tokyobitcoin.space/","status":"active","source":"osm","last_verified":"2025-08-27","tags":["check_date:currency:XBT","contact:twitter","currency:XBT","name","office","payment:lightning","payment:onchain","website","payment:lightning","payment:onchain","payment:lightning","payment:onchain"],"twitter":"https://x.com/tyo_bitcoinbase","facebook":null,"wifi":null,"wifi_fee":null,"wheelchair":null,"smoking":null,"delivery":null,"takeaway":null,"payment":{"lightning":true,"onchain":true,"credit_cards":false,"cash":false}},{"id":"osm:node:3004009626","name":"Two Dogs Taproom","category":"pub","lat":35.6626331,"lng":139.7352113,"country":"JP","city":"Tokyo","coins":["BTC"],"address":"Two Dogs Taproom, 3-15-24, 不動坂, 六本木三丁目, 港区, 東京都, 106-0032, 日本","website":"https://www.twodogs-tokyo.com/","status":"active","source":"osm","last_verified":"2025-08-27","tags":["addr:housename","addr:housenumber","addr:postcode","amenity","check_date:currency:XBT","contact:phone","currency:XBT","internet_access","internet_access:fee","name","payment:lightning","payment:onchain","payment:lightning","payment:onchain"],"phone":"03 5413 0333","facebook":null,"wifi":"wlan","wifi_fee":"no","wheelchair":null,"smoking":null,"delivery":null,"takeaway":null,"payment":{"lightning":true,"onchain":true,"credit_cards":false,"cash":false}},{"id":"osm:node:12259937936","name":"Umeboshi Sour Speciality Shop Ebisu","category":"bar","lat":35.6461605,"lng":139.7134956,"country":"JP","city":"Tokyo","coins":["BTC"],"address":"Umeboshi Sour Speciality Shop Ebisu, 23, 恵比寿一丁目, 恵比寿, 渋谷区, 東京都, 150-0013, 日本","website":"https://www.instagram.com/ume_sour_ebisu","hours":"Tu-Fr 17:00-23:30, Sa-Su 13:00-23:30","status":"active","source":"osm","last_verified":"2025-08-27","tags":["addr:block_number","addr:housenumber","addr:neighbourhood","addr:postcode","addr:province","addr:quarter","addr:suburb","amenity","name","name:ja","payment:lightning","payment:lightning"],"facebook":null,"wifi":null,"wifi_fee":null,"wheelchair":null,"smoking":null,"delivery":null,"takeaway":null,"payment":{"lightning":true,"onchain":false,"credit_cards":true,"cash":true}},{"id":"osm:node:12199965389","name":"ギャラリー上田 / Gallery Ueda","category":"other","lat":35.6686511,"lng":139.7618558,"country":"JP","city":"Tokyo","coins":["BTC"],"address":"ギャラリー上田 / Gallery Ueda, 花椿通り, 銀座八丁目, 銀座, 中央区, 東京都, 104-0061, 日本","website":"https://www.gallery-ueda.com/","hours":"Mo-Fr 11:30-18:30","status":"active","source":"osm","last_verified":"2025-08-27","tags":["check_date","contact:instagram","contact:twitter","currency:XBT","name","opening_hours","payment:lightning","payment:lightning_contactless","payment:onchain","phone","payment:lightning","payment:onchain","payment:lightning","payment:onchain"],"phone":"+81 3 3574 7553","instagram":"https://www.instagram.com/galleryueda/","twitter":"https://x.com/galleryueda","facebook":null,"wifi":null,"wifi_fee":null,"wheelchair":null,"smoking":null,"delivery":null,"takeaway":null,"payment":{"lightning":true,"onchain":true,"credit_cards":false,"cash":false}},{"id":"osm:node:12035307502","name":"ココロータス","category":"fast_food","lat":35.6608723,"lng":139.713337,"country":"JP","city":"Tokyo","coins":["BTC"],"address":"ココロータス, 1, 南青山五丁目, 南青山, 港区, 東京都, 107-0062, 日本","website":"https://cocorotus.com","hours":"Mo 11:30-14:30","status":"active","source":"osm","last_verified":"2025-08-27","tags":["addr:block_number","addr:city","addr:housenumber","addr:neighbourhood","addr:postcode","addr:province","amenity","branch","contact:twitter","cuisine","payment:lightning","payment:lightning"],"twitter":"https://x.com/ch0meji","facebook":null,"cuisine":"asian","wifi":null,"wifi_fee":null,"wheelchair":null,"smoking":null,"delivery":null,"takeaway":null,"payment":{"lightning":true,"onchain":false,"credit_cards":false,"cash":true}},{"id":"osm:node:10587102168","name":"ビドゥイエ広尾","category":"clothes","lat":35.6500554,"lng":139.7221975,"country":"JP","city":"Tokyo","coins":["BTC"],"address":"ビドゥイエ広尾, 外苑西通り, 広尾五丁目, 広尾, 渋谷区, 東京都, 150-0012, 日本","website":"https://www.bidouillez.jp","hours":"Mo-So 10:30-19:30","status":"active","source":"osm","last_verified":"2025-08-27","tags":["addr:city","check_date:currency:XBT","currency:XBT","name","opening_hours","payment:lightning","payment:lightning_contactless","payment:onchain","phone","shop","payment:lightning","payment:onchain","payment:lightning","payment:onchain"],"phone":"+81 344001122","facebook":null,"wifi":null,"wifi_fee":null,"wheelchair":null,"smoking":null,"delivery":null,"takeaway":null,"payment":{"lightning":true,"onchain":true,"credit_cards":false,"cash":false}},{"id":"osm:node:12149344452","name":"メピカバリ渋谷院 Acupuncture MEPICA","category":"other","lat":35.6625786,"lng":139.7007059,"country":"JP","city":"Tokyo","coins":["BTC"],"address":"メピカバリ渋谷院 Acupuncture MEPICA, 17, 神南一丁目, 神南, 渋谷区, 東京都, 150-0041, 日本","website":"https://mepica.net","status":"active","source":"osm","last_verified":"2025-08-27","tags":["addr:block_number","addr:city","addr:housenumber","addr:neighbourhood","addr:province","addr:suburb","currency:XBT","healthcare","healthcare:speciality","name","payment:lightning","payment:onchain","payment:lightning","payment:onchain"],"facebook":null,"wifi":null,"wifi_fee":null,"wheelchair":"no","smoking":null,"delivery":null,"takeaway":null,"payment":{"lightning":true,"onchain":true,"credit_cards":false,"cash":false}},{"id":"osm:node:11617779907","name":"メピカバリ（目光針院）恵比寿院","category":"other","lat":35.6492448,"lng":139.7077062,"country":"JP","city":"Tokyo","coins":["BTC"],"address":"メピカバリ（目光針院）恵比寿院, ７, 恵比寿西二丁目, 恵比寿西, 渋谷区, 東京都, 150-0021, 日本","website":"https://mepica.net","status":"active","source":"osm","last_verified":"2025-08-27","tags":["addr:block_number","addr:city","addr:housenumber","addr:neighbourhood","addr:province","check_date","currency:XBT","healthcare","healthcare:speciality","name","payment:lightning","payment:onchain","payment:lightning","payment:onchain"],"phone":"+81-90-8561-0089","facebook":null,"wifi":null,"wifi_fee":null,"wheelchair":null,"smoking":null,"delivery":null,"takeaway":null,"payment":{"lightning":true,"onchain":true,"credit_cards":false,"cash":false}},{"id":"osm:node:6968529885","name":"ヨガ教室 Asakusa Yoga 浅草","category":"other","lat":35.7125546,"lng":139.7948219,"country":"JP","city":"Tokyo","coins":["BTC"],"address":"ヨガ教室 Asakusa Yoga 浅草, 台東区浅草1-39-13 3F, 伝法院通り, 浅草一丁目, 浅草, 台東区, 東京都, 110-0032, 日本","website":"https://asakusa-yoga.com/","hours":"Tu 10:30-11:30,Tu 19:15-20:15,Sa 09:30-10:30","status":"active","source":"osm","last_verified":"2025-08-27","tags":["addr:housenumber","addr:street","currency:XBT","email","leisure","name","name:en","opening_hours","payment:american_express","payment:cash","payment:lightning","payment:onchain","payment:lightning","payment:onchain"],"facebook":null,"wifi":null,"wifi_fee":null,"wheelchair":null,"smoking":null,"delivery":null,"takeaway":null,"payment":{"lightning":true,"onchain":true,"credit_cards":true,"cash":true}},{"id":"osm:node:6968557185","name":"ヨガ教室 Asakusa Yoga 蔵前","category":"other","lat":35.7060287,"lng":139.7900495,"country":"JP","city":"Tokyo","coins":["BTC"],"address":"ヨガ教室 Asakusa Yoga 蔵前, 台東区蔵前4-33-9 2F, 春日通り, 蔵前四丁目, 蔵前, 台東区, 東京都, 111-0042, 日本","website":"https://asakusa-yoga.com","hours":"Su 10:00-12:00","status":"active","source":"osm","last_verified":"2025-08-27","tags":["addr:housenumber","addr:street","currency:XBT","email","leisure","name","name:en","opening_hours","payment:american_express","payment:cash","payment:lightning","payment:onchain","payment:lightning","payment:onchain"],"facebook":null,"wifi":null,"wifi_fee":null,"wheelchair":null,"smoking":null,"delivery":null,"takeaway":null,"payment":{"lightning":true,"onchain":true,"credit_cards":true,"cash":true}},{"id":"osm:way:143364157","name":"焼肉 誇味山","category":"restaurant","lat":35.6616475,"lng":139.7227216,"country":"JP","city":"Tokyo","coins":["BTC"],"address":"焼肉 誇味山, ラ・アルタ1F, 西麻布, 港区, 東京都, 106-0031, 日本","website":"https://komiyama-nishiazabu.tokyo/","hours":"Mo-Sat 17:00-23:00","status":"active","source":"osm","last_verified":"2025-08-27","tags":["addr:block_number","addr:city","addr:housenumber","addr:postcode","addr:province","addr:quarter","amenity","building","check_date","contact:instagram","payment:lightning","payment:onchain","payment:lightning","payment:onchain"],"phone":"0364349729","instagram":"https://www.instagram.com/nishiazabu.komiyama/","twitter":"https://twitter.com/NishiazabuK","facebook":null,"cuisine":"korean;焼肉","wifi":null,"wifi_fee":null,"wheelchair":null,"smoking":null,"delivery":null,"takeaway":null,"payment":{"lightning":true,"onchain":true,"credit_cards":false,"cash":false}},{"id":"osm:node:11618074990","name":"自由が丘ライトニングマルシェ","category":"marketplace","lat":35.6091298,"lng":139.6695891,"country":"JP","city":"Tokyo","coins":["BTC"],"address":"自由が丘ライトニングマルシェ, 女神通り, 自由が丘一丁目, 自由が丘, 目黒区, 東京都, 152-0035, 日本","website":"https://btcln.shop/marche/","hours":"2024-04-28 13:00-17:00","status":"active","source":"osm","last_verified":"2025-08-27","tags":["amenity","building","currency:XBT","name","opening_hours","operator","payment:lightning","payment:lightning_contactless","payment:onchain","survey:date","payment:lightning","payment:onchain","payment:lightning","payment:onchain"],"facebook":null,"wifi":null,"wifi_fee":null,"wheelchair":null,"smoking":null,"delivery":null,"takeaway":null,"payment":{"lightning":true,"onchain":true,"credit_cards":false,"cash":false}},{"id":"osm:node:10578841994","name":"表参道燻製堂","category":"restaurant","lat":35.7683237,"lng":139.8429103,"country":"JP","city":"Tokyo","coins":["BTC"],"address":"表参道燻製堂, 亀有五丁目, 亀有, 葛飾区, 東京都, 125-0061, 日本","website":"https://kunseido.com/","hours":"Mo-So 11:30-14:00 Mo-So 18:00-22:00","status":"active","source":"osm","last_verified":"2025-08-27","tags":["addr:city","addr:neighbourhood","addr:postcode","addr:province","addr:quarter","amenity","check_date:currency:XBT","currency:XBT","name","opening_hours","payment:lightning","payment:onchain","payment:lightning","payment:onchain"],"facebook":null,"wifi":null,"wifi_fee":null,"wheelchair":null,"smoking":null,"delivery":null,"takeaway":null,"payment":{"lightning":true,"onchain":true,"credit_cards":false,"cash":false}}]
