{"generated_at":"2025-09-06T17:59:28.253Z","window_days":30,"new_arrivals":[{"id":"osm:node:303319474","name":"Vettern Bar","category":"pub","lat":52.4905098,"lng":13.4260706,"country":"DE","city":"Berlin","coins":["BTC"],"address":"","website":"","hours":"","status":"active","source":"osm","last_verified":"2025-08-27","tags":["addr:city","addr:country","addr:housenumber","addr:postcode","addr:street","addr:suburb","amenity","check_date:currency:XBT","contact:instagram","currency:XBT"],"notes":""},{"id":"osm:node:318526010","name":"Viale dei Tigli","category":"restaurant","lat":52.5148686,"lng":13.3811135,"country":"DE","city":"Berlin","coins":["BTC"],"address":"","website":"","hours":"","status":"active","source":"osm","last_verified":"2025-08-27","tags":["addr:city","addr:country","addr:housenumber","addr:postcode","addr:street","addr:suburb","amenity","contact:fax","contact:phone","cuisine"],"notes":""},{"id":"osm:node:318704396","name":"Drittes Ohr","category":"pub","lat":52.5219305,"lng":13.4529113,"country":"DE","city":"Berlin","coins":["BTC"],"address":"","website":"https://www.drittes-ohr.com/","hours":"","status":"active","source":"osm","last_verified":"2025-08-27","tags":["addr:city","addr:country","addr:housenumber","addr:postcode","addr:street","addr:suburb","amenity","check_date","check_date:currency:XBT","currency:XBT"],"notes":""},{"id":"osm:node:415551815","name":"Trattoria Felice","category":"restaurant","lat":52.5439319,"lng":13.4175949,"country":"DE","city":"Berlin","coins":["BTC"],"address":"","website":"","hours":"","status":"active","source":"osm","last_verified":"2025-08-27","tags":["addr:city","addr:country","addr:housenumber","addr:postcode","addr:street","addr:suburb","amenity","check_date","check_date:currency:XBT","contact:email"],"notes":""},{"id":"osm:node:941439093","name":"Horváth","category":"restaurant","lat":52.4963757,"lng":13.4208114,"country":"DE","city":"Berlin","coins":["BTC"],"address":"","website":"","hours":"","status":"active","source":"osm","last_verified":"2025-08-27","tags":["addr:city","addr:country","addr:housenumber","addr:postcode","addr:street","addr:suburb","amenity","contact:phone","contact:website","cuisine"],"notes":""},{"id":"osm:node:1263799847","name":"Disconnect Art Gallery and Record Shop","category":"music","lat":52.5109844,"lng":13.4671354,"country":"DE","city":"Berlin","coins":["BTC"],"address":"","website":"https://disconnectberlin.wordpress.com/","hours":"","status":"active","source":"osm","last_verified":"2025-08-27","tags":["addr:city","addr:country","addr:housenumber","addr:postcode","addr:street","addr:suburb","check_date","check_date:currency:XBT","check_date:opening_hours","currency:XBT"],"notes":""},{"id":"osm:node:1372898402","name":"DoYouSpace","category":"other","lat":52.5177555,"lng":13.4581799,"country":"DE","city":"Berlin","coins":["BTC"],"address":"","website":"https://www.doyouspace.net","hours":"","status":"active","source":"osm","last_verified":"2025-08-27","tags":["addr:city","addr:country","addr:housenumber","addr:postcode","addr:street","addr:suburb","currency:XBT","name","office","payment:lightning"],"notes":""},{"id":"osm:node:1765786432","name":"Subway","category":"fast_food","lat":52.5847198,"lng":13.2860195,"country":"DE","city":"Berlin","coins":["BTC"],"address":"","website":"https://restaurants.subway.com/de/deutschland/be/berlin/am-borsigturm-2","hours":"","status":"active","source":"osm","last_verified":"2025-08-27","tags":["addr:city","addr:housenumber","addr:postcode","addr:street","amenity","brand","brand:wikidata","brand:wikipedia","check_date:currency:XBT","cuisine"],"notes":""},{"id":"osm:node:2521156202","name":"Augenarztpraxis Dipl.-Med. Ricarda Hoffmann","category":"doctors","lat":52.4921303,"lng":13.4576505,"country":"DE","city":"Berlin","coins":["BTC"],"address":"","website":"","hours":"","status":"active","source":"osm","last_verified":"2025-08-27","tags":["addr:city","addr:country","addr:housenumber","addr:postcode","addr:street","amenity","currency:XBT","healthcare","healthcare:speciality","level"],"notes":""},{"id":"osm:node:2537196472","name":"Musikschule Kling-Klang","category":"college","lat":52.5663684,"lng":13.524798,"country":"DE","city":"Berlin","coins":["BTC"],"address":"","website":"https://musikschule-kling-klang.de/","hours":"","status":"active","source":"osm","last_verified":"2025-08-27","tags":["addr:city","addr:country","addr:housenumber","addr:postcode","addr:street","addr:suburb","amenity","currency:XBT","description:en","name"],"notes":""},{"id":"osm:node:2641068367","name":"Coworking Space Berlin-Friedrichshain Launch/Co","category":"other","lat":52.5036356,"lng":13.454467,"country":"DE","city":"Berlin","coins":["BTC"],"address":"","website":"","hours":"","status":"active","source":"osm","last_verified":"2025-08-27","tags":["addr:city","addr:country","addr:housenumber","addr:postcode","addr:street","addr:suburb","contact:phone","contact:website","currency:XBT","description:en"],"notes":""},{"id":"osm:node:2935266552","name":"Barberium","category":"hairdresser","lat":52.5064668,"lng":13.4693373,"country":"DE","city":"Berlin","coins":["BTC"],"address":"","website":"","hours":"","status":"active","source":"osm","last_verified":"2025-08-27","tags":["addr:city","addr:country","addr:housenumber","addr:postcode","addr:street","addr:suburb","check_date","check_date:currency:XBT","check_date:opening_hours","currency:XBT"],"notes":""},{"id":"osm:node:3036860727","name":"Fabelhaft Bar","category":"bar","lat":52.4922712,"lng":13.4209764,"country":"DE","city":"Berlin","coins":["BTC"],"address":"","website":"http://fabelhaftberlin.de","hours":"","status":"active","source":"osm","last_verified":"2025-08-27","tags":["addr:city","addr:country","addr:housenumber","addr:postcode","addr:street","addr:suburb","amenity","check_date","check_date:currency:XBT","cuisine"],"notes":""},{"id":"osm:node:3037805664","name":"ICE Aesthetic - Zentrum Kryolipolyse Berlin","category":"other","lat":52.5038258,"lng":13.3251553,"country":"DE","city":"Berlin","coins":["BTC"],"address":"","website":"https://www.ice-aesthetic.de/","hours":"","status":"active","source":"osm","last_verified":"2025-08-27","tags":["addr:city","addr:country","addr:housenumber","addr:postcode","addr:street","addr:suburb","currency:XBT","leisure","level","name"],"notes":""},{"id":"osm:node:3039050673","name":"WAHL Rechtsanwälte","category":"other","lat":52.5486396,"lng":13.4534484,"country":"DE","city":"Berlin","coins":["BTC"],"address":"","website":"https://wahl-kanzlei.de","hours":"","status":"active","source":"osm","last_verified":"2025-08-27","tags":["addr:city","addr:country","addr:housenumber","addr:postcode","addr:street","addr:suburb","check_date","check_date:currency:XBT","check_date:opening_hours","contact:twitter"],"notes":""},{"id":"osm:node:3039051050","name":"dg.digital","category":"other","lat":52.5497611,"lng":13.4568566,"country":"DE","city":"Berlin","coins":["BTC"],"address":"","website":"https://www.dg.digital","hours":"","status":"active","source":"osm","last_verified":"2025-08-27","tags":["addr:city","addr:country","addr:housenumber","addr:postcode","addr:street","addr:suburb","currency:XBT","name","office","payment:lightning"],"notes":""},{"id":"osm:node:3675739247","name":"C.Translations UG","category":"other","lat":52.502001,"lng":13.3335705,"country":"DE","city":"Berlin","coins":["BTC"],"address":"","website":"https://www.cengolio.com/","hours":"","status":"active","source":"osm","last_verified":"2025-08-27","tags":["addr:city","addr:country","addr:housenumber","addr:postcode","addr:street","addr:suburb","currency:XBT","email","name","office"],"notes":""},{"id":"osm:node:3734954314","name":"Friedel Richter","category":"restaurant","lat":52.5281875,"lng":13.3914357,"country":"DE","city":"Berlin","coins":["BTC"],"address":"","website":"https://friedelrichter.de","hours":"","status":"active","source":"osm","last_verified":"2025-08-27","tags":["addr:city","addr:country","addr:housenumber","addr:postcode","addr:street","addr:suburb","amenity","check_date","check_date:currency:XBT","check_date:smoking"],"notes":""},{"id":"osm:node:3747274058","name":"Keith","category":"bar","lat":52.4782382,"lng":13.4213181,"country":"DE","city":"Berlin","coins":["BTC"],"address":"","website":"https://www.keithbarberlin.de/","hours":"","status":"active","source":"osm","last_verified":"2025-08-27","tags":["addr:city","addr:country","addr:housenumber","addr:postcode","addr:street","addr:suburb","amenity","brewery","check_date","check_date:currency:XBT"],"notes":""},{"id":"osm:node:3937876098","name":"Hair Müller","category":"hairdresser","lat":52.5322911,"lng":13.395606,"country":"DE","city":"Berlin","coins":["BTC"],"address":"","website":"https://www.hairmueller.de/","hours":"","status":"active","source":"osm","last_verified":"2025-08-27","tags":["addr:city","addr:housenumber","addr:postcode","addr:street","check_date","check_date:currency:XBT","check_date:opening_hours","currency:XBT","female","male"],"notes":""}],"recently_verified":[{"id":"osm:node:303319474","name":"Vettern Bar","category":"pub","lat":52.4905098,"lng":13.4260706,"country":"DE","city":"Berlin","coins":["BTC"],"address":"","website":"","hours":"","status":"active","source":"osm","last_verified":"2025-08-27","tags":["addr:city","addr:country","addr:housenumber","addr:postcode","addr:street","addr:suburb","amenity","check_date:currency:XBT","contact:instagram","currency:XBT"],"notes":""},{"id":"osm:node:318526010","name":"Viale dei Tigli","category":"restaurant","lat":52.5148686,"lng":13.3811135,"country":"DE","city":"Berlin","coins":["BTC"],"address":"","website":"","hours":"","status":"active","source":"osm","last_verified":"2025-08-27","tags":["addr:city","addr:country","addr:housenumber","addr:postcode","addr:street","addr:suburb","amenity","contact:fax","contact:phone","cuisine"],"notes":""},{"id":"osm:node:318704396","name":"Drittes Ohr","category":"pub","lat":52.5219305,"lng":13.4529113,"country":"DE","city":"Berlin","coins":["BTC"],"address":"","website":"https://www.drittes-ohr.com/","hours":"","status":"active","source":"osm","last_verified":"2025-08-27","tags":["addr:city","addr:country","addr:housenumber","addr:postcode","addr:street","addr:suburb","amenity","check_date","check_date:currency:XBT","currency:XBT"],"notes":""},{"id":"osm:node:415551815","name":"Trattoria Felice","category":"restaurant","lat":52.5439319,"lng":13.4175949,"country":"DE","city":"Berlin","coins":["BTC"],"address":"","website":"","hours":"","status":"active","source":"osm","last_verified":"2025-08-27","tags":["addr:city","addr:country","addr:housenumber","addr:postcode","addr:street","addr:suburb","amenity","check_date","check_date:currency:XBT","contact:email"],"notes":""},{"id":"osm:node:941439093","name":"Horváth","category":"restaurant","lat":52.4963757,"lng":13.4208114,"country":"DE","city":"Berlin","coins":["BTC"],"address":"","website":"","hours":"","status":"active","source":"osm","last_verified":"2025-08-27","tags":["addr:city","addr:country","addr:housenumber","addr:postcode","addr:street","addr:suburb","amenity","contact:phone","contact:website","cuisine"],"notes":""},{"id":"osm:node:1263799847","name":"Disconnect Art Gallery and Record Shop","category":"music","lat":52.5109844,"lng":13.4671354,"country":"DE","city":"Berlin","coins":["BTC"],"address":"","website":"https://disconnectberlin.wordpress.com/","hours":"","status":"active","source":"osm","last_verified":"2025-08-27","tags":["addr:city","addr:country","addr:housenumber","addr:postcode","addr:street","addr:suburb","check_date","check_date:currency:XBT","check_date:opening_hours","currency:XBT"],"notes":""},{"id":"osm:node:1372898402","name":"DoYouSpace","category":"other","lat":52.5177555,"lng":13.4581799,"country":"DE","city":"Berlin","coins":["BTC"],"address":"","website":"https://www.doyouspace.net","hours":"","status":"active","source":"osm","last_verified":"2025-08-27","tags":["addr:city","addr:country","addr:housenumber","addr:postcode","addr:street","addr:suburb","currency:XBT","name","office","payment:lightning"],"notes":""},{"id":"osm:node:1765786432","name":"Subway","category":"fast_food","lat":52.5847198,"lng":13.2860195,"country":"DE","city":"Berlin","coins":["BTC"],"address":"","website":"https://restaurants.subway.com/de/deutschland/be/berlin/am-borsigturm-2","hours":"","status":"active","source":"osm","last_verified":"2025-08-27","tags":["addr:city","addr:housenumber","addr:postcode","addr:street","amenity","brand","brand:wikidata","brand:wikipedia","check_date:currency:XBT","cuisine"],"notes":""},{"id":"osm:node:2521156202","name":"Augenarztpraxis Dipl.-Med. Ricarda Hoffmann","category":"doctors","lat":52.4921303,"lng":13.4576505,"country":"DE","city":"Berlin","coins":["BTC"],"address":"","website":"","hours":"","status":"active","source":"osm","last_verified":"2025-08-27","tags":["addr:city","addr:country","addr:housenumber","addr:postcode","addr:street","amenity","currency:XBT","healthcare","healthcare:speciality","level"],"notes":""},{"id":"osm:node:2537196472","name":"Musikschule Kling-Klang","category":"college","lat":52.5663684,"lng":13.524798,"country":"DE","city":"Berlin","coins":["BTC"],"address":"","website":"https://musikschule-kling-klang.de/","hours":"","status":"active","source":"osm","last_verified":"2025-08-27","tags":["addr:city","addr:country","addr:housenumber","addr:postcode","addr:street","addr:suburb","amenity","currency:XBT","description:en","name"],"notes":""},{"id":"osm:node:2641068367","name":"Coworking Space Berlin-Friedrichshain Launch/Co","category":"other","lat":52.5036356,"lng":13.454467,"country":"DE","city":"Berlin","coins":["BTC"],"address":"","website":"","hours":"","status":"active","source":"osm","last_verified":"2025-08-27","tags":["addr:city","addr:country","addr:housenumber","addr:postcode","addr:street","addr:suburb","contact:phone","contact:website","currency:XBT","description:en"],"notes":""},{"id":"osm:node:2935266552","name":"Barberium","category":"hairdresser","lat":52.5064668,"lng":13.4693373,"country":"DE","city":"Berlin","coins":["BTC"],"address":"","website":"","hours":"","status":"active","source":"osm","last_verified":"2025-08-27","tags":["addr:city","addr:country","addr:housenumber","addr:postcode","addr:street","addr:suburb","check_date","check_date:currency:XBT","check_date:opening_hours","currency:XBT"],"notes":""},{"id":"osm:node:3036860727","name":"Fabelhaft Bar","category":"bar","lat":52.4922712,"lng":13.4209764,"country":"DE","city":"Berlin","coins":["BTC"],"address":"","website":"http://fabelhaftberlin.de","hours":"","status":"active","source":"osm","last_verified":"2025-08-27","tags":["addr:city","addr:country","addr:housenumber","addr:postcode","addr:street","addr:suburb","amenity","check_date","check_date:currency:XBT","cuisine"],"notes":""},{"id":"osm:node:3037805664","name":"ICE Aesthetic - Zentrum Kryolipolyse Berlin","category":"other","lat":52.5038258,"lng":13.3251553,"country":"DE","city":"Berlin","coins":["BTC"],"address":"","website":"https://www.ice-aesthetic.de/","hours":"","status":"active","source":"osm","last_verified":"2025-08-27","tags":["addr:city","addr:country","addr:housenumber","addr:postcode","addr:street","addr:suburb","currency:XBT","leisure","level","name"],"notes":""},{"id":"osm:node:3039050673","name":"WAHL Rechtsanwälte","category":"other","lat":52.5486396,"lng":13.4534484,"country":"DE","city":"Berlin","coins":["BTC"],"address":"","website":"https://wahl-kanzlei.de","hours":"","status":"active","source":"osm","last_verified":"2025-08-27","tags":["addr:city","addr:country","addr:housenumber","addr:postcode","addr:street","addr:suburb","check_date","check_date:currency:XBT","check_date:opening_hours","contact:twitter"],"notes":""},{"id":"osm:node:3039051050","name":"dg.digital","category":"other","lat":52.5497611,"lng":13.4568566,"country":"DE","city":"Berlin","coins":["BTC"],"address":"","website":"https://www.dg.digital","hours":"","status":"active","source":"osm","last_verified":"2025-08-27","tags":["addr:city","addr:country","addr:housenumber","addr:postcode","addr:street","addr:suburb","currency:XBT","name","office","payment:lightning"],"notes":""},{"id":"osm:node:3675739247","name":"C.Translations UG","category":"other","lat":52.502001,"lng":13.3335705,"country":"DE","city":"Berlin","coins":["BTC"],"address":"","website":"https://www.cengolio.com/","hours":"","status":"active","source":"osm","last_verified":"2025-08-27","tags":["addr:city","addr:country","addr:housenumber","addr:postcode","addr:street","addr:suburb","currency:XBT","email","name","office"],"notes":""},{"id":"osm:node:3734954314","name":"Friedel Richter","category":"restaurant","lat":52.5281875,"lng":13.3914357,"country":"DE","city":"Berlin","coins":["BTC"],"address":"","website":"https://friedelrichter.de","hours":"","status":"active","source":"osm","last_verified":"2025-08-27","tags":["addr:city","addr:country","addr:housenumber","addr:postcode","addr:street","addr:suburb","amenity","check_date","check_date:currency:XBT","check_date:smoking"],"notes":""},{"id":"osm:node:3747274058","name":"Keith","category":"bar","lat":52.4782382,"lng":13.4213181,"country":"DE","city":"Berlin","coins":["BTC"],"address":"","website":"https://www.keithbarberlin.de/","hours":"","status":"active","source":"osm","last_verified":"2025-08-27","tags":["addr:city","addr:country","addr:housenumber","addr:postcode","addr:street","addr:suburb","amenity","brewery","check_date","check_date:currency:XBT"],"notes":""},{"id":"osm:node:3937876098","name":"Hair Müller","category":"hairdresser","lat":52.5322911,"lng":13.395606,"country":"DE","city":"Berlin","coins":["BTC"],"address":"","website":"https://www.hairmueller.de/","hours":"","status":"active","source":"osm","last_verified":"2025-08-27","tags":["addr:city","addr:housenumber","addr:postcode","addr:street","check_date","check_date:currency:XBT","check_date:opening_hours","currency:XBT","female","male"],"notes":""}],"hot_cities":[{"city":"San Salvador","country":"SV","total":498,"added_30d":498},{"city":"Buenos Aires","country":"AR","total":89,"added_30d":89},{"city":"London","country":"GB","total":78,"added_30d":78},{"city":"Bangkok","country":"TH","total":76,"added_30d":76},{"city":"Mexico City","country":"MX","total":65,"added_30d":65},{"city":"Berlin","country":"DE","total":56,"added_30d":56},{"city":"Tokyo","country":"JP","total":40,"added_30d":40},{"city":"Paris","country":"FR","total":19,"added_30d":19},{"city":"Miami","country":"US","total":19,"added_30d":19},{"city":"New York","country":"US","total":16,"added_30d":16},{"city":"Los Angeles","country":"US","total":8,"added_30d":8},{"city":"Toronto","country":"CA","total":6,"added_30d":6},{"city":"San Francisco","country":"US","total":4,"added_30d":4}],"popular_categories":[{"category":"fast_food","count":116},{"category":"restaurant","count":113},{"category":"other","count":113},{"category":"cafe","count":85},{"category":"department_store","count":58},{"category":"electronics","count":40},{"category":"fuel","count":36},{"category":"bar","count":34},{"category":"supermarket","count":30},{"category":"ice_cream","count":25},{"category":"shoes","count":23},{"category":"hairdresser","count":19},{"category":"convenience","count":18},{"category":"bank","count":17},{"category":"clothes","count":16},{"category":"variety_store","count":15},{"category":"car_repair","count":8},{"category":"pub","count":7},{"category":"jewelry","count":7},{"category":"books","count":7},{"category":"beauty","count":7},{"category":"doctors","count":6},{"category":"computer","count":6},{"category":"tattoo","count":6},{"category":"car_rental","count":6},{"category":"dentist","count":6},{"category":"travel_agency","count":5},{"category":"clinic","count":5},{"category":"farm","count":5},{"category":"alcohol","count":4},{"category":"nightclub","count":4},{"category":"butcher","count":4},{"category":"massage","count":3},{"category":"bakery","count":3},{"category":"furniture","count":3},{"category":"hardware","count":3},{"category":"pet","count":3},{"category":"copyshop","count":3},{"category":"gift","count":3},{"category":"pharmacy","count":3},{"category":"tool_hire","count":3},{"category":"studio","count":3},{"category":"events_venue","count":3},{"category":"marketplace","count":3},{"category":"optician","count":3},{"category":"garden_centre","count":3},{"category":"music","count":2},{"category":"toys","count":2},{"category":"art","count":2},{"category":"florist","count":2},{"category":"childcare","count":2},{"category":"tobacco","count":2},{"category":"hospital","count":2},{"category":"grocery","count":2},{"category":"sports","count":2},{"category":"video_games","count":2},{"category":"taxi","count":2},{"category":"motorcycle","count":2},{"category":"chocolate","count":2},{"category":"yes","count":2},{"category":"wholesale","count":2},{"category":"cinema","count":2},{"category":"bureau_de_change","count":2},{"category":"wine","count":2},{"category":"dancing_school","count":2},{"category":"kiosk","count":2},{"category":"newsagent","count":2},{"category":"interior_decoration","count":2},{"category":"mobile_phone","count":2},{"category":"greengrocer","count":2},{"category":"community_centre","count":2},{"category":"college","count":1},{"category":"incense","count":1},{"category":"charging_station","count":1},{"category":"paint","count":1},{"category":"car_wash","count":1},{"category":"spices","count":1},{"category":"appliance","count":1},{"category":"driving_school","count":1},{"category":"locksmith","count":1},{"category":"catalogue","count":1},{"category":"e-cigarette","count":1},{"category":"beverages","count":1},{"category":"tea","count":1},{"category":"car_parts","count":1},{"category":"general","count":1},{"category":"social_facility","count":1},{"category":"bicycle","count":1},{"category":"confectionery","count":1},{"category":"deli","count":1},{"category":"dry_cleaning","count":1},{"category":"repair","count":1},{"category":"car","count":1},{"category":"photo","count":1},{"category":"language_school","count":1},{"category":"atm","count":1},{"category":"stationery","count":1},{"category":"ticket","count":1},{"category":"motorcycle_rental","count":1},{"category":"cannabis","count":1},{"category":"second_hand","count":1},{"category":"bag","count":1}]}
