[{"id":"osm:node:303319474","name":"Vettern Bar","category":"pub","lat":52.4905098,"lng":13.4260706,"country":"DE","city":"Berlin","coins":["BTC"],"address":"","website":"","hours":"","status":"active","source":"osm","last_verified":"2025-08-27","tags":["addr:city","addr:country","addr:housenumber","addr:postcode","addr:street","addr:suburb","amenity","check_date:currency:XBT","contact:instagram","currency:XBT"],"notes":""},{"id":"osm:node:318526010","name":"Viale dei Tigli","category":"restaurant","lat":52.5148686,"lng":13.3811135,"country":"DE","city":"Berlin","coins":["BTC"],"address":"","website":"","hours":"","status":"active","source":"osm","last_verified":"2025-08-27","tags":["addr:city","addr:country","addr:housenumber","addr:postcode","addr:street","addr:suburb","amenity","contact:fax","contact:phone","cuisine"],"notes":""},{"id":"osm:node:318704396","name":"Drittes Ohr","category":"pub","lat":52.5219305,"lng":13.4529113,"country":"DE","city":"Berlin","coins":["BTC"],"address":"","website":"https://www.drittes-ohr.com/","hours":"","status":"active","source":"osm","last_verified":"2025-08-27","tags":["addr:city","addr:country","addr:housenumber","addr:postcode","addr:street","addr:suburb","amenity","check_date","check_date:currency:XBT","currency:XBT"],"notes":""},{"id":"osm:node:415551815","name":"Trattoria Felice","category":"restaurant","lat":52.5439319,"lng":13.4175949,"country":"DE","city":"Berlin","coins":["BTC"],"address":"","website":"","hours":"","status":"active","source":"osm","last_verified":"2025-08-27","tags":["addr:city","addr:country","addr:housenumber","addr:postcode","addr:street","addr:suburb","amenity","check_date","check_date:currency:XBT","contact:email"],"notes":""},{"id":"osm:node:941439093","name":"Horváth","category":"restaurant","lat":52.4963757,"lng":13.4208114,"country":"DE","city":"Berlin","coins":["BTC"],"address":"","website":"","hours":"","status":"active","source":"osm","last_verified":"2025-08-27","tags":["addr:city","addr:country","addr:housenumber","addr:postcode","addr:street","addr:suburb","amenity","contact:phone","contact:website","cuisine"],"notes":""},{"id":"osm:node:1263799847","name":"Disconnect Art Gallery and Record Shop","category":"music","lat":52.5109844,"lng":13.4671354,"country":"DE","city":"Berlin","coins":["BTC"],"address":"","website":"https://disconnectberlin.wordpress.com/","hours":"","status":"active","source":"osm","last_verified":"2025-08-27","tags":["addr:city","addr:country","addr:housenumber","addr:postcode","addr:street","addr:suburb","check_date","check_date:currency:XBT","check_date:opening_hours","currency:XBT"],"notes":""},{"id":"osm:node:1372898402","name":"DoYouSpace","category":"other","lat":52.5177555,"lng":13.4581799,"country":"DE","city":"Berlin","coins":["BTC"],"address":"","website":"https://www.doyouspace.net","hours":"","status":"active","source":"osm","last_verified":"2025-08-27","tags":["addr:city","addr:country","addr:housenumber","addr:postcode","addr:street","addr:suburb","currency:XBT","name","office","payment:lightning"],"notes":""},{"id":"osm:node:1765786432","name":"Subway","category":"fast_food","lat":52.5847198,"lng":13.2860195,"country":"DE","city":"Berlin","coins":["BTC"],"address":"","website":"https://restaurants.subway.com/de/deutschland/be/berlin/am-borsigturm-2","hours":"","status":"active","source":"osm","last_verified":"2025-08-27","tags":["addr:city","addr:housenumber","addr:postcode","addr:street","amenity","brand","brand:wikidata","brand:wikipedia","check_date:currency:XBT","cuisine"],"notes":""},{"id":"osm:node:2521156202","name":"Augenarztpraxis Dipl.-Med. Ricarda Hoffmann","category":"doctors","lat":52.4921303,"lng":13.4576505,"country":"DE","city":"Berlin","coins":["BTC"],"address":"","website":"","hours":"","status":"active","source":"osm","last_verified":"2025-08-27","tags":["addr:city","addr:country","addr:housenumber","addr:postcode","addr:street","amenity","currency:XBT","healthcare","healthcare:speciality","level"],"notes":""},{"id":"osm:node:2537196472","name":"Musikschule Kling-Klang","category":"college","lat":52.5663684,"lng":13.524798,"country":"DE","city":"Berlin","coins":["BTC"],"address":"","website":"https://musikschule-kling-klang.de/","hours":"","status":"active","source":"osm","last_verified":"2025-08-27","tags":["addr:city","addr:country","addr:housenumber","addr:postcode","addr:street","addr:suburb","amenity","currency:XBT","description:en","name"],"notes":""},{"id":"osm:node:2641068367","name":"Coworking Space Berlin-Friedrichshain Launch/Co","category":"other","lat":52.5036356,"lng":13.454467,"country":"DE","city":"Berlin","coins":["BTC"],"address":"","website":"","hours":"","status":"active","source":"osm","last_verified":"2025-08-27","tags":["addr:city","addr:country","addr:housenumber","addr:postcode","addr:street","addr:suburb","contact:phone","contact:website","currency:XBT","description:en"],"notes":""},{"id":"osm:node:2935266552","name":"Barberium","category":"hairdresser","lat":52.5064668,"lng":13.4693373,"country":"DE","city":"Berlin","coins":["BTC"],"address":"","website":"","hours":"","status":"active","source":"osm","last_verified":"2025-08-27","tags":["addr:city","addr:country","addr:housenumber","addr:postcode","addr:street","addr:suburb","check_date","check_date:currency:XBT","check_date:opening_hours","currency:XBT"],"notes":""},{"id":"osm:node:3036860727","name":"Fabelhaft Bar","category":"bar","lat":52.4922712,"lng":13.4209764,"country":"DE","city":"Berlin","coins":["BTC"],"address":"","website":"http://fabelhaftberlin.de","hours":"","status":"active","source":"osm","last_verified":"2025-08-27","tags":["addr:city","addr:country","addr:housenumber","addr:postcode","addr:street","addr:suburb","amenity","check_date","check_date:currency:XBT","cuisine"],"notes":""},{"id":"osm:node:3037805664","name":"ICE Aesthetic - Zentrum Kryolipolyse Berlin","category":"other","lat":52.5038258,"lng":13.3251553,"country":"DE","city":"Berlin","coins":["BTC"],"address":"","website":"https://www.ice-aesthetic.de/","hours":"","status":"active","source":"osm","last_verified":"2025-08-27","tags":["addr:city","addr:country","addr:housenumber","addr:postcode","addr:street","addr:suburb","currency:XBT","leisure","level","name"],"notes":""},{"id":"osm:node:3039050673","name":"WAHL Rechtsanwälte","category":"other","lat":52.5486396,"lng":13.4534484,"country":"DE","city":"Berlin","coins":["BTC"],"address":"","website":"https://wahl-kanzlei.de","hours":"","status":"active","source":"osm","last_verified":"2025-08-27","tags":["addr:city","addr:country","addr:housenumber","addr:postcode","addr:street","addr:suburb","check_date","check_date:currency:XBT","check_date:opening_hours","contact:twitter"],"notes":""},{"id":"osm:node:3039051050","name":"dg.digital","category":"other","lat":52.5497611,"lng":13.4568566,"country":"DE","city":"Berlin","coins":["BTC"],"address":"","website":"https://www.dg.digital","hours":"","status":"active","source":"osm","last_verified":"2025-08-27","tags":["addr:city","addr:country","addr:housenumber","addr:postcode","addr:street","addr:suburb","currency:XBT","name","office","payment:lightning"],"notes":""},{"id":"osm:node:3675739247","name":"C.Translations UG","category":"other","lat":52.502001,"lng":13.3335705,"country":"DE","city":"Berlin","coins":["BTC"],"address":"","website":"https://www.cengolio.com/","hours":"","status":"active","source":"osm","last_verified":"2025-08-27","tags":["addr:city","addr:country","addr:housenumber","addr:postcode","addr:street","addr:suburb","currency:XBT","email","name","office"],"notes":""},{"id":"osm:node:3734954314","name":"Friedel Richter","category":"restaurant","lat":52.5281875,"lng":13.3914357,"country":"DE","city":"Berlin","coins":["BTC"],"address":"","website":"https://friedelrichter.de","hours":"","status":"active","source":"osm","last_verified":"2025-08-27","tags":["addr:city","addr:country","addr:housenumber","addr:postcode","addr:street","addr:suburb","amenity","check_date","check_date:currency:XBT","check_date:smoking"],"notes":""},{"id":"osm:node:3747274058","name":"Keith","category":"bar","lat":52.4782382,"lng":13.4213181,"country":"DE","city":"Berlin","coins":["BTC"],"address":"","website":"https://www.keithbarberlin.de/","hours":"","status":"active","source":"osm","last_verified":"2025-08-27","tags":["addr:city","addr:country","addr:housenumber","addr:postcode","addr:street","addr:suburb","amenity","brewery","check_date","check_date:currency:XBT"],"notes":""},{"id":"osm:node:3937876098","name":"Hair Müller","category":"hairdresser","lat":52.5322911,"lng":13.395606,"country":"DE","city":"Berlin","coins":["BTC"],"address":"","website":"https://www.hairmueller.de/","hours":"","status":"active","source":"osm","last_verified":"2025-08-27","tags":["addr:city","addr:housenumber","addr:postcode","addr:street","check_date","check_date:currency:XBT","check_date:opening_hours","currency:XBT","female","male"],"notes":""},{"id":"osm:node:4211986089","name":"Subway","category":"fast_food","lat":52.6372706,"lng":13.2051209,"country":"DE","city":"Berlin","coins":["BTC"],"address":"","website":"https://restaurants.subway.com/de/deutschland/bb/hennigsdorf/postplatz-4-4c","hours":"","status":"active","source":"osm","last_verified":"2025-08-27","tags":["addr:city","addr:country","addr:housenumber","addr:postcode","addr:street","amenity","brand","brand:wikidata","brand:wikipedia","check_date"],"notes":""},{"id":"osm:node:4294659989","name":"Onkel Philipp's Spielzeugwerkstatt","category":"toys","lat":52.536497,"lng":13.410587,"country":"DE","city":"Berlin","coins":["BTC"],"address":"","website":"http://onkel-philipp.de","hours":"","status":"active","source":"osm","last_verified":"2025-08-27","tags":["addr:city","addr:housenumber","addr:postcode","addr:street","check_date","check_date:currency:XBT","currency:XBT","level","name","opening_hours"],"notes":""},{"id":"osm:node:4841008105","name":"Süssmädchen","category":"jewelry","lat":52.5335929,"lng":13.4036081,"country":"DE","city":"Berlin","coins":["BTC"],"address":"","website":"","hours":"","status":"active","source":"osm","last_verified":"2025-08-27","tags":["addr:city","addr:country","addr:housenumber","addr:postcode","addr:street","addr:suburb","contact:website","currency:XBT","name","opening_hours"],"notes":""},{"id":"osm:node:4965923057","name":"Paranoid Internet","category":"other","lat":52.5126351,"lng":13.3897599,"country":"DE","city":"Berlin","coins":["BTC"],"address":"","website":"","hours":"","status":"active","source":"osm","last_verified":"2025-08-27","tags":["addr:city","addr:housenumber","addr:postcode","addr:street","contact:website","currency:XBT","description","name","office","official_name"],"notes":""},{"id":"osm:node:4970428921","name":"Atheist Shoes","category":"shoes","lat":52.525194,"lng":13.402099,"country":"DE","city":"Berlin","coins":["BTC"],"address":"","website":"https://atheist.shoes/","hours":"","status":"active","source":"osm","last_verified":"2025-08-27","tags":["check_date","currency:XBT","name","opening_hours","payment:lightning","payment:onchain","shop","website","wheelchair"],"notes":""},{"id":"osm:node:7069855803","name":"All the Colors","category":"hairdresser","lat":52.531497,"lng":13.4341735,"country":"DE","city":"Berlin","coins":["BTC"],"address":"","website":"https://www.allthecolorsberlin.de/","hours":"","status":"active","source":"osm","last_verified":"2025-08-27","tags":["addr:city","addr:housenumber","addr:postcode","addr:street","check_date","check_date:currency:XBT","contact:instagram","currency:XBT","female","male"],"notes":""},{"id":"osm:node:7610691602","name":"Vater Bar","category":"bar","lat":52.4877308,"lng":13.4310767,"country":"DE","city":"Berlin","coins":["BTC"],"address":"","website":"","hours":"","status":"active","source":"osm","last_verified":"2025-08-27","tags":["addr:city","addr:country","addr:housenumber","addr:postcode","addr:street","addr:suburb","amenity","check_date:currency:XBT","contact:instagram","currency:XBT"],"notes":""},{"id":"osm:node:8145412017","name":"Mein Palo Santo","category":"incense","lat":52.5367859,"lng":13.4175276,"country":"DE","city":"Berlin","coins":["BTC","ETH"],"address":"","website":"","hours":"","status":"active","source":"osm","last_verified":"2025-08-27","tags":["addr:city","addr:place","addr:postcode","check_date:currency:XBT","contact:website","currency:ADA","currency:ETH","currency:EUR","currency:USDT","currency:XBT"],"notes":""},{"id":"osm:node:8311143284","name":"Noku Studio","category":"other","lat":52.5111776,"lng":13.3958388,"country":"DE","city":"Berlin","coins":["BTC"],"address":"","website":"","hours":"","status":"active","source":"osm","last_verified":"2025-08-27","tags":["addr:city","addr:country","addr:housenumber","addr:postcode","addr:street","addr:suburb","contact:email","contact:phone","contact:website","currency:XBT"],"notes":""},{"id":"osm:node:9215009717","name":"Chipi Chipi Bombón","category":"ice_cream","lat":52.5131962,"lng":13.4525181,"country":"DE","city":"Berlin","coins":["BTC"],"address":"","website":"https://www.chipichipibombon.com","hours":"","status":"active","source":"osm","last_verified":"2025-08-27","tags":["addr:city","addr:country","addr:housenumber","addr:postcode","addr:street","addr:suburb","amenity","check_date","check_date:currency:XBT","contact:facebook"],"notes":""},{"id":"osm:node:9346510854","name":"wallbox","category":"charging_station","lat":52.3764876,"lng":13.6222673,"country":"DE","city":"Berlin","coins":["BTC"],"address":"","website":"","hours":"","status":"active","source":"osm","last_verified":"2025-08-27","tags":["access","addr:city","addr:housenumber","addr:postcode","addr:street","amenity","brand","capacity","charge","contact:email"],"notes":""},{"id":"osm:node:9911287150","name":"Legacy","category":"paint","lat":52.4926714,"lng":13.3701572,"country":"DE","city":"Berlin","coins":["BTC"],"address":"","website":"","hours":"","status":"active","source":"osm","last_verified":"2025-08-27","tags":["addr:city","addr:country","addr:housenumber","addr:postcode","addr:street","addr:suburb","check_date","contact:email","contact:facebook","contact:instagram"],"notes":""},{"id":"osm:node:10084805955","name":"Mood - Café & Spätkauf","category":"cafe","lat":52.5342275,"lng":13.4161615,"country":"DE","city":"Berlin","coins":["BTC"],"address":"","website":"https://www.instagram.com/mood.spaeti.cafe/?r=nametag","hours":"","status":"active","source":"osm","last_verified":"2025-08-27","tags":["addr:city","addr:housenumber","addr:postcode","addr:street","amenity","check_date:currency:XBT","cuisine","currency:XBT","name","opening_hours"],"notes":""},{"id":"osm:node:10118305052","name":"Fulmo GmbH","category":"other","lat":52.5408009,"lng":13.4068129,"country":"DE","city":"Berlin","coins":["BTC"],"address":"","website":"https://shop.fulmo.org/","hours":"","status":"active","source":"osm","last_verified":"2025-08-27","tags":["addr:city","addr:housenumber","addr:postcode","addr:street","check_date:currency:XBT","currency:XBT","email","name","office","payment:lightning"],"notes":""},{"id":"osm:node:10134931577","name":"KOSAE jewellery & design","category":"jewelry","lat":52.533571,"lng":13.4036851,"country":"DE","city":"Berlin","coins":["BTC"],"address":"","website":"","hours":"","status":"active","source":"osm","last_verified":"2025-08-27","tags":["addr:city","addr:housenumber","addr:postcode","addr:street","check_date","check_date:opening_hours","currency:XBT","name","opening_hours","payment:lightning"],"notes":""},{"id":"osm:node:10272682416","name":"nexondo","category":"computer","lat":52.5342249,"lng":13.4020906,"country":"DE","city":"Berlin","coins":["BTC"],"address":"","website":"https://nexondo.de/","hours":"","status":"active","source":"osm","last_verified":"2025-08-27","tags":["addr:city","addr:housenumber","addr:postcode","addr:street","check_date:currency:XBT","contact:twitter","currency:XBT","description","email","name"],"notes":""},{"id":"osm:node:10277742928","name":"Fahrzeugpflege Laabs","category":"car_wash","lat":52.3960596,"lng":13.5323935,"country":"DE","city":"Berlin","coins":["BTC"],"address":"","website":"https://www.fahrzeugpflege-laabs.de","hours":"","status":"active","source":"osm","last_verified":"2025-08-27","tags":["addr:city","addr:housenumber","addr:postcode","addr:street","amenity","check_date:currency:XBT","currency:XBT","description","email","name"],"notes":""},{"id":"osm:node:10297995578","name":"Physiotherapie Alexandros Swoch","category":"other","lat":52.4917336,"lng":13.2906484,"country":"DE","city":"Berlin","coins":["BTC"],"address":"","website":"https://fuessiotherapie.de","hours":"","status":"active","source":"osm","last_verified":"2025-08-27","tags":["addr:city","addr:housenumber","addr:postcode","addr:street","check_date:currency:XBT","currency:XBT","email","healthcare","name","opening_hours"],"notes":""},{"id":"osm:node:10313585322","name":"Café Holzmarktperle","category":"cafe","lat":52.511438,"lng":13.4268672,"country":"DE","city":"Berlin","coins":["BTC"],"address":"","website":"","hours":"","status":"active","source":"osm","last_verified":"2025-08-27","tags":["addr:city","addr:housenumber","addr:postcode","addr:street","amenity","check_date:currency:XBT","contact:instagram","cuisine","currency:XBT","name"],"notes":""},{"id":"osm:node:10698030584","name":"CI Space","category":"other","lat":52.5280242,"lng":13.3417811,"country":"DE","city":"Berlin","coins":["BTC"],"address":"","website":"https://cispace.isaci.com","hours":"","status":"active","source":"osm","last_verified":"2025-08-27","tags":["addr:city","addr:housenumber","addr:postcode","addr:street","currency:XBT","internet_access","name","office","opening_hours","payment:lightning"],"notes":""},{"id":"osm:node:11054531199","name":"Mein Palo Santo","category":"other","lat":52.5112322,"lng":13.4592291,"country":"DE","city":"Berlin","coins":["BTC","ETH"],"address":"","website":"","hours":"","status":"active","source":"osm","last_verified":"2025-08-27","tags":["addr:city","addr:housenumber","addr:postcode","addr:street","branch","check_date:currency:XBT","currency:ADA","currency:ETH","currency:EUR","name"],"notes":""},{"id":"osm:node:11183254526","name":"Liebener Coaching","category":"other","lat":52.525895,"lng":13.4489086,"country":"DE","city":"Berlin","coins":["BTC"],"address":"","website":"https://www.liebener-coaching.de/","hours":"","status":"active","source":"osm","last_verified":"2025-08-27","tags":["addr:city","addr:housenumber","addr:postcode","addr:street","check_date","contact:email","currency:XBT","name","office","payment:lightning"],"notes":""},{"id":"osm:node:11377463071","name":"Karmen Kraft","category":"art","lat":52.5259171,"lng":13.4980609,"country":"DE","city":"Berlin","coins":["BTC"],"address":"","website":"https://www.karmenkraft.com/","hours":"","status":"active","source":"osm","last_verified":"2025-08-27","tags":["addr:city","addr:housenumber","addr:postcode","addr:street","artist_name","artwork_type","check_date","contact:email","contact:facebook","contact:instagram"],"notes":""},{"id":"osm:node:11861712699","name":"Martina Lubanski, Grafik Design, Art Direktorin","category":"other","lat":52.4907057,"lng":13.3631375,"country":"DE","city":"Berlin","coins":["BTC"],"address":"","website":"https://martinalubanski.com/","hours":"","status":"active","source":"osm","last_verified":"2025-08-27","tags":["addr:city","addr:housenumber","addr:postcode","addr:street","currency:XBT","name","office","payment:lightning","payment:onchain","phone"],"notes":""},{"id":"osm:node:11918209446","name":"Zimt & Pfeffer","category":"spices","lat":52.512325,"lng":13.4176575,"country":"DE","city":"Berlin","coins":["BTC"],"address":"","website":"https://zimtundpfeffer.com/","hours":"","status":"active","source":"osm","last_verified":"2025-08-27","tags":["check_date","check_date:currency:XBT","currency:XBT","email","facebook","instagram","mobile","name","opening_hours","operator"],"notes":""},{"id":"osm:node:11931158041","name":"Fotostudio Kreuzberg","category":"other","lat":52.4976631,"lng":13.4252092,"country":"DE","city":"Berlin","coins":["BTC"],"address":"","website":"https://fotostudio-kreuzberg.de/","hours":"","status":"active","source":"osm","last_verified":"2025-08-27","tags":["addr:city","addr:housenumber","addr:postcode","addr:street","check_date","craft","currency:XBT","name","opening_hours","operator"],"notes":""},{"id":"osm:node:12009761189","name":"Tante Tom","category":"massage","lat":52.6188846,"lng":13.303273,"country":"DE","city":"Berlin","coins":["BTC"],"address":"","website":"https://www.tante-tom.de/","hours":"","status":"active","source":"osm","last_verified":"2025-08-27","tags":["addr:city","addr:housenumber","addr:postcode","addr:street","contact:email","contact:facebook","contact:instagram","currency:EUR","currency:XBT","name"],"notes":""},{"id":"osm:node:12170692127","name":"Steinberg Imkerei","category":"other","lat":52.5958764,"lng":13.316332,"country":"DE","city":"Berlin","coins":["BTC"],"address":"","website":"","hours":"","status":"active","source":"osm","last_verified":"2025-08-27","tags":["addr:city","addr:housenumber","addr:postcode","addr:street","craft","currency:XBT","email","name","operator","payment:lightning"],"notes":""},{"id":"osm:node:12219015529","name":"RML","category":"other","lat":52.5294096,"lng":13.6148571,"country":"DE","city":"Berlin","coins":["BTC"],"address":"","website":"https://rml-bau.de/","hours":"","status":"active","source":"osm","last_verified":"2025-08-27","tags":["addr:city","addr:housenumber","addr:postcode","addr:street","addr:unit","check_date","check_date:currency:XBT","contact:email","currency:XBT","name"],"notes":""},{"id":"osm:node:12277896916","name":"David Tenorio Tattoo","category":"tattoo","lat":52.490285,"lng":13.393468,"country":"DE","city":"Berlin","coins":["BTC"],"address":"","website":"https://www.davidtenorioart.com/","hours":"","status":"active","source":"osm","last_verified":"2025-08-27","tags":["addr:city","addr:housenumber","addr:postcode","addr:street","check_date","contact:email","contact:instagram","contact:twitter","currency:XBT","name"],"notes":""},{"id":"osm:node:12386806388","name":"Fabio Pasta (Wochenmarkt Kollwitzplatz)","category":"fast_food","lat":52.5370744,"lng":13.4189075,"country":"DE","city":"Berlin","coins":["BTC"],"address":"","website":"","hours":"","status":"active","source":"osm","last_verified":"2025-08-27","tags":["addr:city","addr:place","addr:postcode","amenity","check_date","check_date:currency:XBT","cuisine","currency:EUR","currency:XBT","diet:meat"],"notes":""},{"id":"osm:node:12400272704","name":"AndresEDV & Consulting","category":"other","lat":52.537711,"lng":13.2647765,"country":"DE","city":"Berlin","coins":["BTC"],"address":"","website":"https://www.andresedv.de/","hours":"","status":"active","source":"osm","last_verified":"2025-08-27","tags":["addr:city","addr:housenumber","addr:postcode","addr:street","check_date","contact:email","currency:XBT","name","office","payment:lightning"],"notes":""},{"id":"osm:node:12459074874","name":"Studio Zitrone","category":"other","lat":52.4896111,"lng":13.3835322,"country":"DE","city":"Berlin","coins":["BTC"],"address":"","website":"https://bip39cups.com/","hours":"","status":"active","source":"osm","last_verified":"2025-08-27","tags":["addr:city","addr:housenumber","addr:postcode","addr:street","alt_name","craft","currency:XBT","name","payment:lightning","payment:onchain"],"notes":""},{"id":"osm:node:12754079336","name":"Dirty Jobs","category":"other","lat":52.5096218,"lng":13.4678152,"country":"DE","city":"Berlin","coins":["BTC"],"address":"","website":"https://www.linkedin.com/in/paolopenna/","hours":"","status":"active","source":"osm","last_verified":"2025-08-27","tags":["addr:city","addr:housenumber","addr:postcode","addr:street","check_date","check_date:currency:XBT","currency:XBT","description","fixme","name"],"notes":""},{"id":"osm:node:12850682170","name":"Massage Miguel","category":"massage","lat":52.5654187,"lng":13.3939563,"country":"DE","city":"Berlin","coins":["BTC"],"address":"","website":"https://www.massagemiguel.de/","hours":"","status":"active","source":"osm","last_verified":"2025-08-27","tags":["addr:city","addr:housenumber","addr:postcode","addr:street","check_date","check_date:currency:XBT","contact:instagram","currency:XBT","name","opening_hours"],"notes":""},{"id":"osm:node:12853222862","name":"A.C.T. Computer TEAM","category":"computer","lat":52.4246474,"lng":13.5856438,"country":"DE","city":"Berlin","coins":["BTC"],"address":"","website":"https://www.act-computer.de","hours":"","status":"active","source":"osm","last_verified":"2025-08-27","tags":["addr:city","addr:housenumber","addr:postcode","addr:street","check_date","check_date:currency:XBT","currency:XBT","internet_access","level","name"],"notes":""}]
