[{"id":"osm:node:2769486127","name":"Chitbeer","category":"bar","lat":13.909277,"lng":100.490859,"country":"TH","city":"Bangkok","coins":["BTC"],"address":"","website":"https://chitbrewery.com/","hours":"","status":"active","source":"osm","last_verified":"2025-08-27","tags":["addr:city","addr:district","addr:housenumber","addr:place","addr:postcode","addr:province","addr:street","addr:subdistrict","amenity","check_date"],"notes":""},{"id":"osm:node:8355290841","name":"sisterhood.cafe","category":"cafe","lat":13.8268083,"lng":100.3751502,"country":"TH","city":"Bangkok","coins":["BTC"],"address":"","website":"","hours":"","status":"active","source":"osm","last_verified":"2025-08-27","tags":["addr:city","addr:district","addr:housenumber","addr:postcode","addr:province","addr:street","addr:subdistrict","amenity","check_date","check_date:currency:XBT"],"notes":""},{"id":"osm:node:8852052849","name":"HATO Chokchai4","category":"hairdresser","lat":13.82059,"lng":100.5965875,"country":"TH","city":"Bangkok","coins":["BTC"],"address":"","website":"","hours":"","status":"active","source":"osm","last_verified":"2025-08-27","tags":["addr:housenumber","addr:postcode","addr:province","addr:street","contact:facebook","contact:phone","currency:XBT","female","male","name"],"notes":""},{"id":"osm:node:8945483894","name":"Beluga Coff & Juice","category":"cafe","lat":13.7783283,"lng":100.6475264,"country":"TH","city":"Bangkok","coins":["BTC"],"address":"","website":"","hours":"","status":"active","source":"osm","last_verified":"2025-08-27","tags":["addr:city","addr:district","addr:housenumber","addr:postcode","addr:province","addr:street","addr:subdistrict","amenity","check_date","check_date:currency:XBT"],"notes":""},{"id":"osm:node:9570047617","name":"Palette Art Space","category":"other","lat":13.7239695,"lng":100.5791683,"country":"TH","city":"Bangkok","coins":["BTC"],"address":"","website":"https://www.palettebkk.com/","hours":"","status":"active","source":"osm","last_verified":"2025-08-27","tags":["addr:district","addr:housenumber","addr:postcode","addr:province","addr:street","addr:subdistrict","check_date","check_date:currency:XBT","contact:facebook","contact:instagram"],"notes":""},{"id":"osm:node:10067999408","name":"Terracotta Coffee","category":"cafe","lat":13.7366503,"lng":100.5303281,"country":"TH","city":"Bangkok","coins":["BTC"],"address":"","website":"","hours":"","status":"active","source":"osm","last_verified":"2025-08-27","tags":["addr:district","addr:housenumber","addr:place","addr:postcode","addr:province","addr:street","addr:subdistrict","amenity","check_date","check_date:currency:XBT"],"notes":""},{"id":"osm:node:10844099391","name":"ปาป้า คอฟฟี่","category":"cafe","lat":13.98642,"lng":100.6152516,"country":"TH","city":"Bangkok","coins":["BTC"],"address":"","website":"","hours":"","status":"active","source":"osm","last_verified":"2025-08-27","tags":["addr:city","addr:housenumber","addr:postcode","addr:street","amenity","contact:facebook","cuisine","currency:XBT","name","name:en"],"notes":""},{"id":"osm:node:10864133709","name":"New York Studio Bangkok","category":"other","lat":13.6796572,"lng":100.5287903,"country":"TH","city":"Bangkok","coins":["BTC"],"address":"","website":"https://newyorkstudiobkk.com/","hours":"","status":"active","source":"osm","last_verified":"2025-08-27","tags":["addr:housenumber","addr:postcode","addr:province","addr:street","check_date","check_date:currency:XBT","craft","currency:XBT","name","payment:lightning"],"notes":""},{"id":"osm:node:10893965444","name":"Coughing Apes - Weed cafe's","category":"cannabis","lat":13.6762888,"lng":100.6089916,"country":"TH","city":"Bangkok","coins":["BTC"],"address":"","website":"","hours":"","status":"active","source":"osm","last_verified":"2025-08-27","tags":["addr:city","addr:housenumber","addr:postcode","addr:street","cuisine","name","opening_hours","payment:cash","payment:lightning","payment:lightning_contactless"],"notes":""},{"id":"osm:node:10968574636","name":"Talk-Ka-Tree","category":"garden_centre","lat":14.0567271,"lng":100.6849955,"country":"TH","city":"Bangkok","coins":["BTC"],"address":"","website":"","hours":"","status":"active","source":"osm","last_verified":"2025-08-27","tags":["addr:city","addr:district","addr:housenumber","addr:place","addr:postcode","addr:province","addr:street","addr:subdistrict","check_date","contact:facebook"],"notes":""},{"id":"osm:node:11282924170","name":"Jok one Table Dumplings","category":"restaurant","lat":13.7434702,"lng":100.5100708,"country":"TH","city":"Bangkok","coins":["BTC"],"address":"","website":"","hours":"","status":"active","source":"osm","last_verified":"2025-08-27","tags":["address","amenity","check_date","check_date:currency:XBT","contact:facebook","currency:XBT","name","opening_hours","payment:lightning","payment:lightning_contactless"],"notes":""},{"id":"osm:node:11366307403","name":"Sit Here Sleep Home Bar","category":"bar","lat":13.8384047,"lng":100.5847626,"country":"TH","city":"Bangkok","coins":["BTC"],"address":"","website":"","hours":"","status":"active","source":"osm","last_verified":"2025-08-27","tags":["addr:city","addr:housenumber","addr:postcode","addr:street","amenity","brewery","check_date","contact:email","contact:facebook","contact:line"],"notes":""},{"id":"osm:node:11518287796","name":"ร้านยาบี แคร์ ฟาร์มา","category":"pharmacy","lat":13.7537114,"lng":100.7171276,"country":"TH","city":"Bangkok","coins":["BTC"],"address":"","website":"","hours":"","status":"active","source":"osm","last_verified":"2025-08-27","tags":["amenity","currency:XBT","email","healthcare","healthcare:speciality","name","name:en","name:th","operator:type","payment:lightning"],"notes":""},{"id":"osm:node:11676387280","name":"OBO.CASH","category":"bureau_de_change","lat":13.696369,"lng":100.7519097,"country":"TH","city":"Bangkok","coins":["BTC"],"address":"","website":"https://www.obo.cash","hours":"","status":"active","source":"osm","last_verified":"2025-08-27","tags":["addr:city","addr:housenumber","addr:postcode","addr:street","amenity","currency:XBT","name","payment:cryptocurrencies","payment:lightning","payment:lightning_contactless"],"notes":""},{"id":"osm:node:11801445668","name":"do drip coffee","category":"cafe","lat":13.7975831,"lng":100.5727029,"country":"TH","city":"Bangkok","coins":["BTC"],"address":"","website":"","hours":"","status":"active","source":"osm","last_verified":"2025-08-27","tags":["addr:city","addr:housenumber","addr:postcode","addr:street","amenity","check_date","check_date:currency:XBT","contact:instagram","cuisine","currency:XBT"],"notes":""},{"id":"osm:node:12141608846","name":"The Burgest","category":"fast_food","lat":13.7751196,"lng":100.5623687,"country":"TH","city":"Bangkok","coins":["BTC"],"address":"","website":"","hours":"","status":"active","source":"osm","last_verified":"2025-08-27","tags":["amenity","check_date","check_date:currency:XBT","contact:facebook","cuisine","currency:XBT","name","opening_hours","payment:cash","payment:cashless"],"notes":""},{"id":"osm:node:12210708407","name":"BoltRing - BoltKey","category":"marketplace","lat":13.7899076,"lng":100.5622975,"country":"TH","city":"Bangkok","coins":["BTC"],"address":"","website":"https://geyser.fund/project/boltring","hours":"","status":"active","source":"osm","last_verified":"2025-08-27","tags":["addr:district","addr:postcode","addr:province","addr:street","addr:subdistrict","amenity","building","currency:THB","email","name"],"notes":""},{"id":"osm:node:12304722062","name":"Gatta Café - Seacon Square","category":"cafe","lat":13.6949362,"lng":100.6485721,"country":"TH","city":"Bangkok","coins":["BTC"],"address":"","website":"https://www.gattacafe.com/","hours":"","status":"active","source":"osm","last_verified":"2025-08-27","tags":["addr:floor","addr:housenumber","addr:place","addr:postcode","addr:province","amenity","bar","branch","check_date","check_date:currency:XBT"],"notes":""},{"id":"osm:node:12304843378","name":"Gatta Café - Siam Square One","category":"cafe","lat":13.7446219,"lng":100.53396,"country":"TH","city":"Bangkok","coins":["BTC"],"address":"","website":"https://www.gattacafe.com/","hours":"","status":"active","source":"osm","last_verified":"2025-08-27","tags":["addr:district","addr:floor","addr:housenumber","addr:postcode","addr:province","addr:street","addr:subdistrict","amenity","bar","branch"],"notes":""},{"id":"osm:node:12304859418","name":"Gatta Café - Park Silom","category":"cafe","lat":13.7277114,"lng":100.5337048,"country":"TH","city":"Bangkok","coins":["BTC"],"address":"","website":"https://www.gattacafe.com/","hours":"","status":"active","source":"osm","last_verified":"2025-08-27","tags":["addr:district","addr:floor","addr:housenumber","addr:place","addr:postcode","addr:province","addr:street","addr:subdistrict","amenity","bar"],"notes":""},{"id":"osm:node:12430456420","name":"De'rish homemade bakery","category":"bakery","lat":13.8552093,"lng":100.6825913,"country":"TH","city":"Bangkok","coins":["BTC"],"address":"","website":"","hours":"","status":"active","source":"osm","last_verified":"2025-08-27","tags":["addr:district","addr:housenumber","addr:place","addr:postcode","addr:province","addr:street","addr:subdistrict","name","opening_hours","operator"],"notes":""},{"id":"osm:node:12446800633","name":"TToy & Game","category":"toys","lat":13.7996961,"lng":100.5502339,"country":"TH","city":"Bangkok","coins":["BTC"],"address":"","website":"https://www.facebook.com/profile.php?id=61557272627995","hours":"","status":"active","source":"osm","last_verified":"2025-08-27","tags":["check_date:currency:XBT","currency:XBT","description","email","name","opening_hours","payment:lightning","phone","shop","website"],"notes":""},{"id":"osm:node:12466870068","name":"ช้างน้อยพอนชอป","category":"second_hand","lat":13.7989435,"lng":100.5952318,"country":"TH","city":"Bangkok","coins":["BTC"],"address":"","website":"https://www.changnoipawnshop.com/","hours":"","status":"active","source":"osm","last_verified":"2025-08-27","tags":["addr:district","addr:housenumber","addr:place","addr:postcode","addr:province","addr:street","addr:subdistrict","check_date","currency:THB","currency:XBT"],"notes":""},{"id":"osm:node:12484646160","name":"Narita Izakaya นาริตะ อิซากายะ","category":"restaurant","lat":13.7938314,"lng":100.5060739,"country":"TH","city":"Bangkok","coins":["BTC"],"address":"","website":"","hours":"","status":"active","source":"osm","last_verified":"2025-08-27","tags":["amenity","cuisine","currency:XBT","name","opening_hours","payment:coinos","payment:lightning","payment:lightning_contactless","payment:onchain","phone"],"notes":""},{"id":"osm:node:12485881682","name":"บุษรินทร์เบเกอรี่","category":"bakery","lat":13.8375587,"lng":100.4129209,"country":"TH","city":"Bangkok","coins":["BTC"],"address":"","website":"","hours":"","status":"active","source":"osm","last_verified":"2025-08-27","tags":["addr:country","addr:district","addr:housenumber","addr:place","addr:postcode","addr:province","addr:street","addr:subdistrict","check_date","contact:facebook"],"notes":""},{"id":"osm:node:12493053971","name":"ร้านค้า เจซิตี้ ซ.12","category":"convenience","lat":13.5757127,"lng":100.6666969,"country":"TH","city":"Bangkok","coins":["BTC"],"address":"","website":"","hours":"","status":"active","source":"osm","last_verified":"2025-08-27","tags":["check_date:currency:XBT","currency:XBT","email","name","opening_hours","payment:lightning","shop"],"notes":""},{"id":"osm:node:12497451991","name":"Pooky & Team Salon","category":"hairdresser","lat":13.6110919,"lng":100.6377345,"country":"TH","city":"Bangkok","coins":["BTC"],"address":"","website":"","hours":"","status":"active","source":"osm","last_verified":"2025-08-27","tags":["addr:district","addr:housenumber","addr:postcode","addr:province","addr:street","addr:subdistrict","currency:XBT","name","opening_hours","operator"],"notes":""},{"id":"osm:node:12531276586","name":"ก๋วยเตี๋ยวเนื้อ หัวน้ำวน","category":"restaurant","lat":13.5966634,"lng":100.6015404,"country":"TH","city":"Bangkok","coins":["BTC"],"address":"","website":"","hours":"","status":"active","source":"osm","last_verified":"2025-08-27","tags":["addr:district","addr:housenumber","addr:postcode","addr:province","addr:street","addr:subdistrict","amenity","check_date","check_date:currency:XBT","cuisine"],"notes":""},{"id":"osm:node:12548626104","name":"ก๋วยเตี๋ยว​เรือ​ชามทอง รังสิต คลอง 5","category":"restaurant","lat":14.0055976,"lng":100.6991756,"country":"TH","city":"Bangkok","coins":["BTC"],"address":"","website":"","hours":"","status":"active","source":"osm","last_verified":"2025-08-27","tags":["addr:district","addr:housenumber","addr:place","addr:postcode","addr:province","addr:street","addr:subdistrict","amenity","check_date","check_date:currency:XBT"],"notes":""},{"id":"osm:node:12565849568","name":"เจริญผล Farm & Garden","category":"garden_centre","lat":13.8748051,"lng":100.6484191,"country":"TH","city":"Bangkok","coins":["BTC"],"address":"","website":"","hours":"","status":"active","source":"osm","last_verified":"2025-08-27","tags":["addr:district","addr:housenumber","addr:postcode","addr:province","addr:street","addr:subdistrict","name","opening_hours","operator","payment:app"],"notes":""},{"id":"osm:node:12578959348","name":"Lonkong cafe","category":"cafe","lat":13.6209083,"lng":100.6179064,"country":"TH","city":"Bangkok","coins":["BTC"],"address":"","website":"","hours":"","status":"active","source":"osm","last_verified":"2025-08-27","tags":["amenity","check_date","contact:facebook","currency:XBT","email","name","opening_hours","outdoor_seating","payment:lightning","phone"],"notes":""},{"id":"osm:node:12578966799","name":"Ramita Coffee & Bistro","category":"cafe","lat":13.5926392,"lng":100.5984521,"country":"TH","city":"Bangkok","coins":["BTC"],"address":"","website":"","hours":"","status":"active","source":"osm","last_verified":"2025-08-27","tags":["addr:district","addr:housenumber","addr:place","addr:postcode","addr:province","addr:street","addr:subdistrict","amenity","check_date","check_date:currency:XBT"],"notes":""},{"id":"osm:node:12600858098","name":"Coffee Company - RK Biz Center","category":"cafe","lat":13.7303766,"lng":100.7324716,"country":"TH","city":"Bangkok","coins":["BTC"],"address":"","website":"https://www.coffeecompany.asia/","hours":"","status":"active","source":"osm","last_verified":"2025-08-27","tags":["addr:district","addr:housenumber","addr:place","addr:postcode","addr:province","addr:street","addr:subdistrict","amenity","check_date","check_date:currency:XBT"],"notes":""},{"id":"osm:node:12622284690","name":"รุ่งอรุณ คาเฟ่","category":"cafe","lat":13.841005,"lng":100.5727981,"country":"TH","city":"Bangkok","coins":["BTC"],"address":"","website":"","hours":"","status":"active","source":"osm","last_verified":"2025-08-27","tags":["addr:district","addr:housenumber","addr:place","addr:postcode","addr:province","addr:street","addr:subdistrict","amenity","check_date","check_date:currency:XBT"],"notes":""},{"id":"osm:node:12624732106","name":"Beyond Softserve","category":"ice_cream","lat":14.0696113,"lng":100.6044915,"country":"TH","city":"Bangkok","coins":["BTC"],"address":"","website":"","hours":"","status":"active","source":"osm","last_verified":"2025-08-27","tags":["addr:district","addr:place","addr:postcode","addr:province","addr:street","addr:subdistrict","amenity","check_date","check_date:currency:XBT","contact:email"],"notes":""},{"id":"osm:node:12640866389","name":"Chit Hole Royal River","category":"bar","lat":13.7836685,"lng":100.5005494,"country":"TH","city":"Bangkok","coins":["BTC"],"address":"","website":"https://chitholding.com/","hours":"","status":"active","source":"osm","last_verified":"2025-08-27","tags":["addr:district","addr:housenumber","addr:postcode","addr:province","addr:street","addr:subdistrict","amenity","check_date","check_date:currency:XBT","contact:facebook"],"notes":""},{"id":"osm:node:12640892188","name":"Chit Hole Muangthong","category":"bar","lat":13.9270987,"lng":100.5340815,"country":"TH","city":"Bangkok","coins":["BTC"],"address":"","website":"https://chitholding.com/","hours":"","status":"active","source":"osm","last_verified":"2025-08-27","tags":["addr:district","addr:housenumber","addr:postcode","addr:province","addr:street","addr:subdistrict","amenity","check_date","check_date:currency:XBT","contact:facebook"],"notes":""},{"id":"osm:node:12640894703","name":"Chit Hole Surawong","category":"bar","lat":13.7300773,"lng":100.5315367,"country":"TH","city":"Bangkok","coins":["BTC"],"address":"","website":"https://chitholding.com/","hours":"","status":"active","source":"osm","last_verified":"2025-08-27","tags":["addr:district","addr:housenumber","addr:place","addr:postcode","addr:province","addr:street","addr:subdistrict","amenity","check_date","check_date:currency:XBT"],"notes":""},{"id":"osm:node:12645411669","name":"กระเพาะปลาเจ๊เอ็ง ตลาดพลู","category":"restaurant","lat":13.7207245,"lng":100.4768818,"country":"TH","city":"Bangkok","coins":["BTC"],"address":"","website":"","hours":"","status":"active","source":"osm","last_verified":"2025-08-27","tags":["addr:postcode","amenity","check_date","contact:facebook","currency:XBT","email","name","name:en","name:th","payment:cash"],"notes":""},{"id":"osm:node:12645466745","name":"Take a Bowl (FYI Center)","category":"restaurant","lat":13.7202791,"lng":100.560022,"country":"TH","city":"Bangkok","coins":["BTC"],"address":"","website":"https://takeabowl.com/","hours":"","status":"active","source":"osm","last_verified":"2025-08-27","tags":["addr:district","addr:housenumber","addr:postcode","addr:province","addr:street","addr:subdistrict","amenity","check_date","contact:facebook","contact:instagram"],"notes":""},{"id":"osm:node:12645513299","name":"นวลหมูปิ้ง","category":"restaurant","lat":13.7379688,"lng":100.494981,"country":"TH","city":"Bangkok","coins":["BTC"],"address":"","website":"","hours":"","status":"active","source":"osm","last_verified":"2025-08-27","tags":["addr:postcode","amenity","check_date","contact:facebook","contact:line","currency:XBT","fixme","name","payment:cash","payment:lightning"],"notes":""},{"id":"osm:node:12645532501","name":"ร้านผักบุษบา","category":"greengrocer","lat":13.9022157,"lng":100.3652683,"country":"TH","city":"Bangkok","coins":["BTC"],"address":"","website":"","hours":"","status":"active","source":"osm","last_verified":"2025-08-27","tags":["addr:postcode","currency:XBT","name","payment:lightning","payment:lightning_contactless","phone","shop"],"notes":""},{"id":"osm:node:12658170647","name":"Chit Hole Rangsit Rooftop","category":"bar","lat":13.9852831,"lng":100.625787,"country":"TH","city":"Bangkok","coins":["BTC"],"address":"","website":"https://chitholding.com/","hours":"","status":"active","source":"osm","last_verified":"2025-08-27","tags":["addr:district","addr:place","addr:postcode","addr:province","addr:street","addr:subdistrict","amenity","check_date","check_date:currency:XBT","contact:facebook"],"notes":""},{"id":"osm:node:12666638428","name":"O33 Vision","category":"optician","lat":13.6660229,"lng":100.6478173,"country":"TH","city":"Bangkok","coins":["BTC"],"address":"","website":"https://www.o33vision.com/","hours":"","status":"active","source":"osm","last_verified":"2025-08-27","tags":["addr:district","addr:postcode","addr:province","addr:street","addr:subdistrict","check_date","currency:XBT","description","name","opening_hours"],"notes":""},{"id":"osm:node:12675566950","name":"ข้าวหมูแดง สามชัย","category":"restaurant","lat":13.5927293,"lng":100.5987065,"country":"TH","city":"Bangkok","coins":["BTC"],"address":"","website":"","hours":"","status":"active","source":"osm","last_verified":"2025-08-27","tags":["addr:district","addr:postcode","addr:province","addr:street","addr:subdistrict","amenity","check_date","check_date:currency:XBT","cuisine","currency:XBT"],"notes":""},{"id":"osm:node:12675824868","name":"TigerGyu หมูกระทะ","category":"restaurant","lat":13.6741412,"lng":100.5348541,"country":"TH","city":"Bangkok","coins":["BTC"],"address":"","website":"https://www.instagram.com/tigergyu.bkk?igsh=MXdmZHJkcDgwbXBxbw%3D%3D&utm_source=qr","hours":"","status":"active","source":"osm","last_verified":"2025-08-27","tags":["addr:district","addr:housenumber","addr:postcode","addr:province","addr:street","addr:subdistrict","amenity","check_date","cuisine","currency:XBT"],"notes":""},{"id":"osm:node:12711070515","name":"Cocoa House","category":"cafe","lat":13.7219923,"lng":100.4458025,"country":"TH","city":"Bangkok","coins":["BTC"],"address":"","website":"","hours":"","status":"active","source":"osm","last_verified":"2025-08-27","tags":["addr:district","addr:housenumber","addr:postcode","addr:province","addr:subdistrict","amenity","check_date","contact:line","currency:XBT","delivery"],"notes":""},{"id":"osm:node:12733065017","name":"ABER Group Law Firm","category":"other","lat":13.7373376,"lng":100.5623274,"country":"TH","city":"Bangkok","coins":["BTC"],"address":"","website":"https://www.aberthailand.com","hours":"","status":"active","source":"osm","last_verified":"2025-08-27","tags":["addr:district","addr:housenumber","addr:postcode","addr:province","addr:subdistrict","check_date","check_date:currency:XBT","currency:XBT","name","office"],"notes":""},{"id":"osm:node:12745895479","name":"Gatta Café - Central Eastville","category":"cafe","lat":13.8035407,"lng":100.6146545,"country":"TH","city":"Bangkok","coins":["BTC"],"address":"","website":"https://www.gattacafe.com/","hours":"","status":"active","source":"osm","last_verified":"2025-08-27","tags":["addr:district","addr:housenumber","addr:place","addr:postcode","addr:province","addr:street","addr:subdistrict","amenity","bar","branch"],"notes":""},{"id":"osm:node:12760942330","name":"คลังยาอาม่า - ตลาดอาม่า1000สุข","category":"pharmacy","lat":14.0490587,"lng":100.7471647,"country":"TH","city":"Bangkok","coins":["BTC"],"address":"","website":"","hours":"","status":"active","source":"osm","last_verified":"2025-08-27","tags":["addr:district","addr:housenumber","addr:place","addr:postcode","addr:province","addr:street","amenity","check_date","check_date:currency:XBT","contact:facebook"],"notes":""},{"id":"osm:node:12763486241","name":"ตลาดนัดพรธิสาร6","category":"marketplace","lat":14.0492334,"lng":100.7559884,"country":"TH","city":"Bangkok","coins":["BTC"],"address":"","website":"","hours":"","status":"active","source":"osm","last_verified":"2025-08-27","tags":["addr:district","addr:postcode","addr:province","addr:subdistrict","amenity","check_date","check_date:currency:XBT","contact:facebook","currency:XBT","name"],"notes":""},{"id":"osm:node:12765494314","name":"Victory Industrial","category":"other","lat":13.6239743,"lng":100.4020656,"country":"TH","city":"Bangkok","coins":["BTC"],"address":"","website":"","hours":"","status":"active","source":"osm","last_verified":"2025-08-27","tags":["addr:district","addr:housenumber","addr:postcode","addr:province","addr:street","addr:subdistrict","currency:XBT","man_made","name","payment:lightning"],"notes":""},{"id":"osm:node:12808883030","name":"KA-LA Coffee","category":"cafe","lat":14.0346785,"lng":100.7324022,"country":"TH","city":"Bangkok","coins":["BTC"],"address":"","website":"","hours":"","status":"active","source":"osm","last_verified":"2025-08-27","tags":["addr:district","addr:housenumber","addr:postcode","addr:province","amenity","check_date","check_date:currency:XBT","contact:facebook","contact:instagram","cuisine"],"notes":""},{"id":"osm:node:12818578388","name":"Five Star","category":"restaurant","lat":13.9539438,"lng":100.6848772,"country":"TH","city":"Bangkok","coins":["BTC"],"address":"","website":"https://fivestar.in.th/","hours":"","status":"active","source":"osm","last_verified":"2025-08-27","tags":["addr:district","addr:housenumber","addr:place","addr:postcode","addr:province","addr:street","addr:subdistrict","amenity","check_date","check_date:currency:XBT"],"notes":""},{"id":"osm:node:12827530352","name":"Citadel Coffee","category":"cafe","lat":13.9879228,"lng":100.7045035,"country":"TH","city":"Bangkok","coins":["BTC"],"address":"","website":"","hours":"","status":"active","source":"osm","last_verified":"2025-08-27","tags":["addr:district","addr:place","addr:postcode","addr:province","addr:street","addr:subdistrict","amenity","check_date","check_date:currency:XBT","contact:facebook"],"notes":""},{"id":"osm:node:12839299656","name":"Croissant Factory (Thonglor)","category":"restaurant","lat":13.7374984,"lng":100.5837127,"country":"TH","city":"Bangkok","coins":["BTC"],"address":"","website":"","hours":"","status":"active","source":"osm","last_verified":"2025-08-27","tags":["addr:district","addr:housenumber","addr:postcode","addr:province","addr:street","addr:subdistrict","amenity","check_date","check_date:currency:XBT","contact:email"],"notes":""},{"id":"osm:node:12856750526","name":"Roast Runner","category":"cafe","lat":13.786909,"lng":100.3741688,"country":"TH","city":"Bangkok","coins":["BTC"],"address":"","website":"","hours":"","status":"active","source":"osm","last_verified":"2025-08-27","tags":["addr:district","addr:housenumber","addr:postcode","addr:province","addr:street","addr:subdistrict","amenity","check_date","check_date:currency:XBT","contact:facebook"],"notes":""},{"id":"osm:node:12863636313","name":"Manggon Studio","category":"interior_decoration","lat":13.8007227,"lng":100.5490929,"country":"TH","city":"Bangkok","coins":["BTC"],"address":"","website":"https://www.manggonstudio.com/","hours":"","status":"active","source":"osm","last_verified":"2025-08-27","tags":["addr:district","addr:place","addr:postcode","addr:province","addr:street","addr:subdistrict","currency:XBT","name","opening_hours","payment:lightning"],"notes":""},{"id":"osm:node:12886020278","name":"คลินิคทันตกรรมท่าข้าม","category":"dentist","lat":13.650711,"lng":100.4436418,"country":"TH","city":"Bangkok","coins":["BTC"],"address":"","website":"","hours":"","status":"active","source":"osm","last_verified":"2025-08-27","tags":["addr:district","addr:housenumber","addr:postcode","addr:province","addr:street","addr:subdistrict","amenity","currency:XBT","healthcare","name"],"notes":""},{"id":"osm:node:12905584949","name":"Moonlight Leather","category":"bag","lat":13.8001988,"lng":100.709362,"country":"TH","city":"Bangkok","coins":["BTC"],"address":"","website":"","hours":"","status":"active","source":"osm","last_verified":"2025-08-27","tags":["addr:district","addr:place","addr:postcode","addr:province","addr:street","addr:subdistrict","currency:XBT","name","opening_hours","operator"],"notes":""},{"id":"osm:node:12941914655","name":"Fitting shop","category":"clothes","lat":13.799093,"lng":100.5478495,"country":"TH","city":"Bangkok","coins":["BTC"],"address":"","website":"","hours":"","status":"active","source":"osm","last_verified":"2025-08-27","tags":["addr:district","addr:housenumber","addr:place","addr:postcode","addr:province","addr:street","addr:subdistrict","currency:XBT","name","opening_hours"],"notes":""},{"id":"osm:node:13010769122","name":"Chit Hole Asiatique","category":"bar","lat":13.7048562,"lng":100.5019729,"country":"TH","city":"Bangkok","coins":["BTC"],"address":"","website":"https://chitholding.com/","hours":"","status":"active","source":"osm","last_verified":"2025-08-27","tags":["addr:district","addr:housenumber","addr:postcode","addr:province","addr:street","addr:subdistrict","amenity","check_date","check_date:currency:XBT","contact:facebook"],"notes":""},{"id":"osm:node:13016546680","name":"ค่ายมวยลูกคลองตัน","category":"other","lat":13.7460584,"lng":100.5999818,"country":"TH","city":"Bangkok","coins":["BTC"],"address":"","website":"","hours":"","status":"active","source":"osm","last_verified":"2025-08-27","tags":["addr:district","addr:housenumber","addr:postcode","addr:province","addr:street","addr:subdistrict","check_date","check_date:currency:XBT","contact:facebook","currency:XBT"],"notes":""},{"id":"osm:node:13016550123","name":"Vacilando Bookshop","category":"books","lat":13.7578787,"lng":100.5096567,"country":"TH","city":"Bangkok","coins":["BTC"],"address":"","website":"https://www.vacilandobookshop.com/","hours":"","status":"active","source":"osm","last_verified":"2025-08-27","tags":["addr:district","addr:housenumber","addr:postcode","addr:province","addr:street","addr:subdistrict","check_date","check_date:currency:XBT","contact:facebook","contact:instagram"],"notes":""},{"id":"osm:node:13016593667","name":"The Barbershop","category":"hairdresser","lat":13.7629694,"lng":100.5636572,"country":"TH","city":"Bangkok","coins":["BTC"],"address":"","website":"","hours":"","status":"active","source":"osm","last_verified":"2025-08-27","tags":["addr:district","addr:postcode","addr:province","addr:street","addr:subdistrict","check_date","check_date:currency:XBT","currency:XBT","hairdresser","name"],"notes":""},{"id":"osm:node:13051531371","name":"Lung Ji Card Shop","category":"supermarket","lat":13.6880845,"lng":100.4506362,"country":"TH","city":"Bangkok","coins":["BTC"],"address":"","website":"","hours":"","status":"active","source":"osm","last_verified":"2025-08-27","tags":["addr:district","addr:housenumber","addr:place","addr:postcode","addr:province","addr:street","addr:subdistrict","check_date","check_date:currency:XBT","currency:XBT"],"notes":""},{"id":"osm:node:13057327865","name":"Chu's Pastry","category":"cafe","lat":13.8542768,"lng":100.5484357,"country":"TH","city":"Bangkok","coins":["BTC"],"address":"","website":"","hours":"","status":"active","source":"osm","last_verified":"2025-08-27","tags":["addr:district","addr:housenumber","addr:postcode","addr:province","addr:street","addr:subdistrict","amenity","check_date","check_date:currency:XBT","contact:facebook"],"notes":""},{"id":"osm:node:13061362037","name":"Daddy Taste Room","category":"ice_cream","lat":13.8264533,"lng":100.4423469,"country":"TH","city":"Bangkok","coins":["BTC"],"address":"","website":"","hours":"","status":"active","source":"osm","last_verified":"2025-08-27","tags":["addr:district","addr:housenumber","addr:place","addr:postcode","addr:province","addr:street","addr:subdistrict","amenity","check_date","check_date:currency:XBT"],"notes":""},{"id":"osm:node:13071813034","name":"Layer House","category":"other","lat":13.7898584,"lng":100.5622319,"country":"TH","city":"Bangkok","coins":["BTC"],"address":"","website":"https://layerhouse.blogspot.com/","hours":"","status":"active","source":"osm","last_verified":"2025-08-27","tags":["addr:district","addr:housenumber","addr:place","addr:postcode","addr:province","addr:street","addr:subdistrict","address","check_date","check_date:currency:XBT"],"notes":""},{"id":"osm:node:13077980491","name":"Latte Man","category":"cafe","lat":13.7612626,"lng":100.5635552,"country":"TH","city":"Bangkok","coins":["BTC"],"address":"","website":"","hours":"","status":"active","source":"osm","last_verified":"2025-08-27","tags":["addr:district","addr:housenumber","addr:postcode","addr:province","addr:street","addr:subdistrict","amenity","check_date","check_date:currency:XBT","contact:facebook"],"notes":""},{"id":"osm:node:13081282309","name":"Peixing clinic","category":"other","lat":13.9972327,"lng":100.6703365,"country":"TH","city":"Bangkok","coins":["BTC"],"address":"","website":"","hours":"","status":"active","source":"osm","last_verified":"2025-08-27","tags":["addr:district","addr:housenumber","addr:place","addr:postcode","addr:province","addr:street","addr:subdistrict","check_date","check_date:currency:XBT","contact:facebook"],"notes":""},{"id":"osm:node:13081317028","name":"Horm Cha @ Ramkhamhaeng 52","category":"cafe","lat":13.7568425,"lng":100.6434134,"country":"TH","city":"Bangkok","coins":["BTC"],"address":"","website":"","hours":"","status":"active","source":"osm","last_verified":"2025-08-27","tags":["addr:district","addr:housenumber","addr:postcode","addr:province","addr:street","addr:subdistrict","amenity","check_date","check_date:currency:XBT","contact:email"],"notes":""},{"id":"osm:node:13081956521","name":"BOB Space","category":"community_centre","lat":13.7245048,"lng":100.5882289,"country":"TH","city":"Bangkok","coins":["BTC"],"address":"","website":"https://www.bobspaces.net/","hours":"","status":"active","source":"osm","last_verified":"2025-08-27","tags":["addr:district","addr:housenumber","addr:place","addr:postcode","addr:province","addr:street","addr:subdistrict","amenity","check_date","check_date:currency:XBT"],"notes":""},{"id":"osm:node:13096107804","name":"Lee's Mark Residence","category":"other","lat":13.6446434,"lng":100.6372215,"country":"TH","city":"Bangkok","coins":["BTC"],"address":"","website":"https://www.leesmark.com/","hours":"","status":"active","source":"osm","last_verified":"2025-08-27","tags":["addr:district","addr:housenumber","addr:postcode","addr:province","addr:street","addr:subdistrict","check_date","check_date:currency:XBT","contact:email","contact:facebook"],"notes":""},{"id":"osm:way:1085583221","name":"Laohu Shabu","category":"restaurant","lat":13.726955,"lng":100.7711197,"country":"TH","city":"Bangkok","coins":["BTC"],"address":"","website":"https://web.facebook.com/laohushabu","hours":"","status":"active","source":"osm","last_verified":"2025-08-27","tags":["addr:district","addr:postcode","addr:province","amenity","buffet","building","cuisine","currency:XBT","name","name:th"],"notes":""},{"id":"osm:way:1206068563","name":"Coffzilla Cafe","category":"cafe","lat":13.7269543,"lng":100.7710223,"country":"TH","city":"Bangkok","coins":["BTC"],"address":"","website":"https://web.facebook.com/profile.php?id=61569404214355","hours":"","status":"active","source":"osm","last_verified":"2025-08-27","tags":["addr:district","addr:place","addr:postcode","addr:province","addr:street","amenity","building","cuisine","currency:XBT","internet_access"],"notes":""}]
