[{"id":"osm:node:5462455521","name":"Pokito","category":"restaurant","lat":43.648529,"lng":-79.3979838,"country":"CA","city":"Toronto","coins":["BTC"],"address":"","website":"https://www.pokito.ca/","hours":"","status":"active","source":"osm","last_verified":"2025-08-27","tags":["addr:city","addr:housenumber","addr:street","amenity","check_date","check_date:currency:XBT","contact:twitter","cuisine","currency:XBT","name"],"notes":""},{"id":"osm:node:11236899433","name":"Capulus Coffee House","category":"cafe","lat":43.6798628,"lng":-79.4334871,"country":"CA","city":"Toronto","coins":["BTC"],"address":"","website":"http://www.capulus.ca/","hours":"","status":"active","source":"osm","last_verified":"2025-08-27","tags":["addr:city","addr:housenumber","addr:postcode","addr:province","addr:street","amenity","check_date:currency:XBT","cuisine","currency:XBT","name"],"notes":""},{"id":"osm:node:12596343661","name":"Portals","category":"events_venue","lat":43.6443973,"lng":-79.387899,"country":"CA","city":"Toronto","coins":["BTC"],"address":"","website":"https://portals.love/","hours":"","status":"active","source":"osm","last_verified":"2025-08-27","tags":["addr:city","addr:postcode","addr:province","addr:street","amenity","check_date","contact:email","currency:XBT","description","name"],"notes":""},{"id":"osm:node:12814776310","name":"Niagara Tours Company","category":"travel_agency","lat":43.6428774,"lng":-79.3807292,"country":"CA","city":"Toronto","coins":["BTC"],"address":"","website":"https://www.niagaratours.ca/","hours":"","status":"active","source":"osm","last_verified":"2025-08-27","tags":["addr:city","addr:housenumber","addr:postcode","addr:province","addr:street","check_date","check_date:currency:XBT","currency:XBT","name","payment:lightning"],"notes":""},{"id":"osm:node:13017253455","name":"SHS Home Renovations","category":"other","lat":43.7283533,"lng":-79.2714919,"country":"CA","city":"Toronto","coins":["BTC"],"address":"","website":"https://www.shshomerenovations.ca","hours":"","status":"active","source":"osm","last_verified":"2025-08-27","tags":["addr:city","addr:housenumber","addr:postcode","addr:province","addr:street","check_date:currency:XBT","contact:facebook","craft","currency:XBT","name"],"notes":""},{"id":"osm:node:13076600110","name":"Caring for Couples Counselling Center Inc.","category":"other","lat":43.6707216,"lng":-79.401613,"country":"CA","city":"Toronto","coins":["BTC"],"address":"","website":"https://www.caringforcouples.ca/","hours":"","status":"active","source":"osm","last_verified":"2025-08-27","tags":["address","currency:XBT","description","name","payment:lightning","payment:lightning_contactless","payment:onchain","survey:date","website"],"notes":""}]
