{"cities":[{"country":"DE","city":"Berlin","path":"de/berlin/berlin.json","updated":"2025-08-27"},{"country":"US","city":"New York","path":"us/new-york/new-york.json","updated":"2025-08-27"},{"country":"SV","city":"San Salvador","path":"sv/san-salvador/san-salvador.json","updated":"2025-08-27"},{"country":"GB","city":"London","path":"gb/london/london.json","updated":"2025-08-27"},{"country":"JP","city":"Tokyo","path":"jp/tokyo/tokyo.json","updated":"2025-08-27"},{"country":"FR","city":"Paris","path":"fr/paris/paris.json","updated":"2025-08-27"},{"country":"US","city":"San Francisco","path":"us/san-francisco/san-francisco.json","updated":"2025-08-27"},{"country":"US","city":"Los Angeles","path":"us/los-angeles/los-angeles.json","updated":"2025-08-27"},{"country":"US","city":"Miami","path":"us/miami/miami.json","updated":"2025-08-27"},{"country":"MX","city":"Mexico City","path":"mx/mexico-city/mexico-city.json","updated":"2025-08-27"},{"country":"CA","city":"Toronto","path":"ca/toronto/toronto.json","updated":"2025-08-27"},{"country":"AR","city":"Buenos Aires","path":"ar/buenos-aires/buenos-aires.json","updated":"2025-08-27"},{"country":"TH","city":"Bangkok","path":"th/bangkok/bangkok.json","updated":"2025-08-27"}]}
