[{"id":"osm:node:473037880","name":"FlowSuites WTC","category":"other","lat":19.3949068,"lng":-99.1758289,"country":"MX","city":"Mexico City","coins":["BTC"],"address":"FlowSuites WTC, 24, Avenida de Parque, Colonia Nápoles, Ciudad de México, Benito Juárez, Ciudad de México, 03810, México","website":"https://www.flowsuites.com/wtc","status":"active","source":"osm","last_verified":"2025-08-27","tags":["addr:city","addr:housenumber","addr:postcode","addr:street","brand","check_date:currency:XBT","currency:XBT","email","internet_access","internet_access:fee","payment:lightning","payment:onchain"],"phone":"55 5687 3839","payment":{"lightning":true,"onchain":true,"credit_cards":false,"cash":false}},{"id":"osm:node:1169203014","name":"Elektra","category":"department_store","lat":19.556141,"lng":-99.1930683,"country":"MX","city":"Mexico City","coins":["BTC"],"address":"Elektra, Avenida Prolongación Hidalgo, Colonia Industrial San Nicolás Tlaxcolpan, Tlalnepantla, Tlalnepantla de Baz, Estado de México, 54030, México","website":"https://www.elektra.mx","status":"active","source":"osm","last_verified":"2025-08-27","tags":["addr:city","addr:postcode","addr:street","brand","brand:wikidata","brand:wikipedia","check_date:currency:XBT","currency:XBT","name","nohousenumber","payment:cash","payment:lightning","payment:onchain"],"phone":"55 7577 5547","payment":{"lightning":true,"onchain":true,"credit_cards":false,"cash":true}},{"id":"osm:node:2089441541","name":"Elektra","category":"department_store","lat":19.3459501,"lng":-99.0208,"country":"MX","city":"Mexico City","coins":["BTC"],"address":"Elektra, Calle Las Palmas, Colonia Citlalli, Ciudad de México, Iztapalapa, Pueblo Santiago Acahualtepec, Ciudad de México, 09500, México","website":"https://www.elektra.mx","status":"active","source":"osm","last_verified":"2025-08-27","tags":["brand","brand:wikidata","brand:wikipedia","check_date:currency:XBT","currency:XBT","name","payment:cash","payment:debit_cards","payment:lightning","payment:lightning_contactless","payment:onchain"],"payment":{"lightning":true,"onchain":true,"credit_cards":false,"cash":true}},{"id":"osm:node:2132529254","name":"Elektra","category":"department_store","lat":19.4284304,"lng":-98.9636726,"country":"MX","city":"Mexico City","coins":["BTC"],"address":"Elektra, Avenida del Peñón, Chimalhuacán, Estado de México, 56356, México","website":"https://www.elektra.mx","status":"active","source":"osm","last_verified":"2025-08-27","tags":["alt_name","brand","brand:wikidata","brand:wikipedia","check_date:currency:XBT","currency:XBT","name","payment:cash","payment:debit_cards","payment:lightning","payment:onchain"],"payment":{"lightning":true,"onchain":true,"credit_cards":false,"cash":true}},{"id":"osm:node:2817196466","name":"Elektra","category":"department_store","lat":19.29395,"lng":-99.1820113,"country":"MX","city":"Mexico City","coins":["BTC"],"address":"Elektra, Calle Corregidora, Colonia Camiseta Calvario, Colonia Miguel Hidalgo, Ciudad de México, Tlalpan, Ciudad de México, 14267, México","website":"https://www.elektra.mx","status":"active","source":"osm","last_verified":"2025-08-27","tags":["brand","brand:wikidata","brand:wikipedia","check_date:currency:XBT","currency:XBT","name","payment:cash","payment:debit_cards","payment:lightning","payment:lightning_contactless","payment:onchain"],"payment":{"lightning":true,"onchain":true,"credit_cards":false,"cash":true}},{"id":"osm:node:4273853515","name":"Elektra","category":"department_store","lat":19.3196066,"lng":-99.2451963,"country":"MX","city":"Mexico City","coins":["BTC"],"address":"Elektra, Calle Alfonso Corona del Rosal, Colonia Cuauhtémoc, Ciudad de México, La Magdalena Contreras, Ciudad de México, 10340, México","website":"https://www.elektra.mx","status":"active","source":"osm","last_verified":"2025-08-27","tags":["brand","brand:wikidata","brand:wikipedia","check_date:currency:XBT","currency:XBT","name","payment:cash","payment:debit_cards","payment:lightning","payment:lightning_contactless","payment:onchain"],"payment":{"lightning":true,"onchain":true,"credit_cards":false,"cash":true}},{"id":"osm:node:4356794990","name":"Elektra","category":"department_store","lat":19.4826358,"lng":-99.1172122,"country":"MX","city":"Mexico City","coins":["BTC"],"address":"Elektra, Calle Garrido, Colonia Aragón, Ciudad de México, Gustavo A. Madero, Ciudad de México, 07050, México","website":"https://www.elektra.mx","hours":"Mo-Su 09:00-21:00","status":"active","source":"osm","last_verified":"2025-08-27","tags":["brand","brand:wikidata","brand:wikipedia","check_date:currency:XBT","currency:XBT","name","opening_hours","payment:cash","payment:debit_cards","payment:lightning","payment:onchain"],"payment":{"lightning":true,"onchain":true,"credit_cards":false,"cash":true}},{"id":"osm:node:4356801589","name":"Elektra","category":"department_store","lat":19.4627664,"lng":-99.1130005,"country":"MX","city":"Mexico City","coins":["BTC"],"address":"Elektra, 5102, Avenida Congreso de la Unión, Colonia Tablas de San Agustín, Ciudad de México, Gustavo A. Madero, Ciudad de México, 07860, México","website":"https://www.elektra.mx","hours":"Mo-Su 09:00-21:00","status":"active","source":"osm","last_verified":"2025-08-27","tags":["addr:housenumber","addr:postcode","addr:street","alt_name","brand","brand:wikidata","brand:wikipedia","check_date:currency:XBT","currency:XBT","name","payment:cash","payment:lightning","payment:onchain"],"payment":{"lightning":true,"onchain":true,"credit_cards":false,"cash":true}},{"id":"osm:node:4374763400","name":"Elektra","category":"department_store","lat":19.5017742,"lng":-99.2712999,"country":"MX","city":"Mexico City","coins":["BTC"],"address":"Elektra, Avenida San Mateo Nopala, Rinconada de San Mateo, Praderas de San Mateo, Naucalpan de Juárez, Estado de México, 53220, México","website":"https://www.elektra.mx","status":"active","source":"osm","last_verified":"2025-08-27","tags":["brand","brand:wikidata","brand:wikipedia","check_date:currency:XBT","currency:XBT","name","name:es","payment:cash","payment:debit_cards","payment:lightning","payment:onchain"],"payment":{"lightning":true,"onchain":true,"credit_cards":false,"cash":true}},{"id":"osm:node:4430078791","name":"Elektra","category":"department_store","lat":19.4701441,"lng":-99.2370611,"country":"MX","city":"Mexico City","coins":["BTC"],"address":"Elektra, Avenida Estacas, San Luis Tlatilco, San Bartolo Naucalpan, Naucalpan de Juárez, Estado de México, 53470, México","website":"https://www.elektra.mx","status":"active","source":"osm","last_verified":"2025-08-27","tags":["brand","brand:wikidata","brand:wikipedia","check_date:currency:XBT","currency:XBT","name","name:es","payment:cash","payment:debit_cards","payment:lightning","payment:onchain"],"payment":{"lightning":true,"onchain":true,"credit_cards":false,"cash":true}},{"id":"osm:node:4494585627","name":"Elektra","category":"department_store","lat":19.4802661,"lng":-99.1867336,"country":"MX","city":"Mexico City","coins":["BTC"],"address":"Elektra, Avenida Azcapotzalco, San Simón Pochtlan, Ciudad de México, Azcapotzalco, Ciudad de México, 02000, México","website":"https://www.elektra.mx","status":"active","source":"osm","last_verified":"2025-08-27","tags":["addr:street","brand","brand:wikidata","brand:wikipedia","check_date:currency:XBT","currency:XBT","name","operator","payment:cash","payment:debit_cards","payment:lightning","payment:onchain"],"payment":{"lightning":true,"onchain":true,"credit_cards":false,"cash":true}},{"id":"osm:node:4536287695","name":"Elektra","category":"department_store","lat":19.4690931,"lng":-99.1403594,"country":"MX","city":"Mexico City","coins":["BTC"],"address":"Elektra, Calle Delibes, Colonia Guadalupe Victoria, Ciudad de México, Gustavo A. Madero, Ciudad de México, 07790, México","website":"https://www.elektra.mx","status":"active","source":"osm","last_verified":"2025-08-27","tags":["brand","brand:wikidata","brand:wikipedia","check_date:currency:XBT","currency:XBT","name","name:es","payment:cash","payment:debit_cards","payment:lightning","payment:onchain"],"payment":{"lightning":true,"onchain":true,"credit_cards":false,"cash":true}},{"id":"osm:node:4771406623","name":"Elektra","category":"department_store","lat":19.36914,"lng":-98.947637,"country":"MX","city":"Mexico City","coins":["BTC"],"address":"Elektra, Carretera Los Reyes - Zacatepec, El Pino, Los Reyes Acaquilpan, La Paz, Estado de México, 56500, México","website":"https://www.elektra.mx","status":"active","source":"osm","last_verified":"2025-08-27","tags":["brand","brand:wikidata","brand:wikipedia","check_date:currency:XBT","currency:XBT","name","name:es","payment:cash","payment:debit_cards","payment:lightning","payment:onchain"],"payment":{"lightning":true,"onchain":true,"credit_cards":false,"cash":true}},{"id":"osm:node:4831665049","name":"Elektra","category":"department_store","lat":19.4409675,"lng":-99.1571261,"country":"MX","city":"Mexico City","coins":["BTC"],"address":"Elektra, 29, Avenida Ribera de San Cosme, Santa María la Ribera, Ciudad de México, Cuauhtémoc, Ciudad de México, 06400, México","website":"https://www.elektra.mx","status":"active","source":"osm","last_verified":"2025-08-27","tags":["addr:city","addr:housenumber","addr:postcode","addr:street","brand","brand:wikidata","brand:wikipedia","check_date:currency:XBT","currency:XBT","name","payment:cash","payment:lightning","payment:onchain"],"payment":{"lightning":true,"onchain":true,"credit_cards":false,"cash":true}},{"id":"osm:node:5499505433","name":"Elektra","category":"department_store","lat":19.2999353,"lng":-99.0432886,"country":"MX","city":"Mexico City","coins":["BTC"],"address":"Elektra, Avenida Tláhuac, Colonia Santiago Centro, Ciudad de México, Tláhuac, La Ciénega, Ciudad de México, 13300, México","website":"https://www.elektra.mx","status":"active","source":"osm","last_verified":"2025-08-27","tags":["brand","brand:wikidata","brand:wikipedia","check_date:currency:XBT","currency:XBT","name","payment:cash","payment:debit_cards","payment:lightning","payment:lightning_contactless","payment:onchain"],"payment":{"lightning":true,"onchain":true,"credit_cards":false,"cash":true}},{"id":"osm:node:5522995824","name":"FlowSuites Polanco","category":"other","lat":19.4291697,"lng":-99.1929463,"country":"MX","city":"Mexico City","coins":["BTC"],"address":"FlowSuites Polanco, 34, Avenida Emilio Castelar, Polanco, Ciudad de México, Miguel Hidalgo, Ciudad de México, 11560, México","website":"https://www.flowsuites.com/polanco","status":"active","source":"osm","last_verified":"2025-08-27","tags":["addr:city","addr:housenumber","addr:neighbourhood","addr:postcode","addr:street","brand","currency:XBT","email","internet_access","internet_access:fee","payment:lightning","payment:onchain"],"phone":"+52 55 4123 7506","payment":{"lightning":true,"onchain":true,"credit_cards":false,"cash":false}},{"id":"osm:node:5840379486","name":"Elektra","category":"department_store","lat":19.4154629,"lng":-98.9423181,"country":"MX","city":"Mexico City","coins":["BTC"],"address":"Elektra, Avenida Nezahualcóyotl, Chimalhuacán, Estado de México, 56330, México","website":"https://www.elektra.mx","status":"active","source":"osm","last_verified":"2025-08-27","tags":["brand","brand:wikidata","brand:wikipedia","check_date:currency:XBT","currency:XBT","name","payment:cash","payment:debit_cards","payment:lightning","payment:lightning_contactless","payment:onchain"],"payment":{"lightning":true,"onchain":true,"credit_cards":false,"cash":true}},{"id":"osm:node:5844404210","name":"Elektra","category":"department_store","lat":19.4593185,"lng":-99.1267638,"country":"MX","city":"Mexico City","coins":["BTC"],"address":"Elektra, Calle Radio, Valle Gómez, Ciudad de México, Cuauhtémoc, Ciudad de México, 06240, México","website":"https://www.elektra.mx","status":"active","source":"osm","last_verified":"2025-08-27","tags":["brand","brand:wikidata","brand:wikipedia","check_date:currency:XBT","currency:XBT","name","payment:cash","payment:debit_cards","payment:lightning","payment:lightning_contactless","payment:onchain"],"payment":{"lightning":true,"onchain":true,"credit_cards":false,"cash":true}},{"id":"osm:node:6223359397","name":"Elektra","category":"department_store","lat":19.5348324,"lng":-99.0647009,"country":"MX","city":"Mexico City","coins":["BTC"],"address":"Elektra, Calle Plásticos, Colonia Cardonal Xalostoc, Santa Clara Coatitla, Ecatepec de Morelos, Estado de México, 55547, México","website":"https://www.elektra.mx","status":"active","source":"osm","last_verified":"2025-08-27","tags":["brand","brand:wikidata","brand:wikipedia","check_date:currency:XBT","currency:XBT","name","payment:cash","payment:debit_cards","payment:lightning","payment:lightning_contactless","payment:onchain"],"payment":{"lightning":true,"onchain":true,"credit_cards":false,"cash":true}},{"id":"osm:node:6294880685","name":"Elektra","category":"department_store","lat":19.2179986,"lng":-98.9940109,"country":"MX","city":"Mexico City","coins":["BTC"],"address":"Elektra, Avenida José María Morelos, San Antonio Tecómitl, Don Diegoco, San Antonio Tecómitl, Milpa Alta, Ciudad de México, 12100, México","website":"https://www.elektra.mx","hours":"Mo-Su 09:00-21:00","status":"active","source":"osm","last_verified":"2025-08-27","tags":["addr:street","alt_name","brand","brand:wikidata","brand:wikipedia","check_date:currency:XBT","currency:XBT","name","opening_hours","payment:cash","payment:lightning","payment:onchain"],"payment":{"lightning":true,"onchain":true,"credit_cards":false,"cash":true}},{"id":"osm:node:6332256179","name":"Elektra","category":"department_store","lat":19.5863799,"lng":-99.020862,"country":"MX","city":"Mexico City","coins":["BTC"],"address":"Elektra, Punto Ecatepec, Fraccionamiento Las Américas, Ecatepec de Morelos, Estado de México, 55070, México","website":"https://www.elektra.mx","status":"active","source":"osm","last_verified":"2025-08-27","tags":["brand","brand:wikidata","brand:wikipedia","check_date:currency:XBT","currency:XBT","name","payment:cash","payment:debit_cards","payment:lightning","payment:lightning_contactless","payment:onchain"],"payment":{"lightning":true,"onchain":true,"credit_cards":false,"cash":true}},{"id":"osm:node:6584676243","name":"Elektra","category":"department_store","lat":19.3265508,"lng":-99.0753657,"country":"MX","city":"Mexico City","coins":["BTC"],"address":"Elektra, Avenida San Lorenzo, Colonia Cerro de la Estrella, Ciudad de México, Iztapalapa, Ciudad de México, 09860, México","website":"https://www.elektra.mx","hours":"Mo-Su 09:00-21:00","status":"active","source":"osm","last_verified":"2025-08-27","tags":["brand","brand:wikidata","brand:wikipedia","check_date:currency:XBT","currency:XBT","name","opening_hours","payment:cash","payment:credit_cards","payment:debit_cards","payment:lightning","payment:onchain"],"payment":{"lightning":true,"onchain":true,"credit_cards":true,"cash":true}},{"id":"osm:node:7364479699","name":"Elektra","category":"department_store","lat":19.3559757,"lng":-99.2999854,"country":"MX","city":"Mexico City","coins":["BTC"],"address":"Elektra, Calle Ocampo, Colonia Cuajimalpa, San Pedro Cuajimalpa, Ciudad de México, Cuajimalpa de Morelos, Ciudad de México, 05000, México","website":"https://www.elektra.mx","status":"active","source":"osm","last_verified":"2025-08-27","tags":["brand","brand:wikidata","brand:wikipedia","check_date:currency:XBT","currency:XBT","name","payment:cash","payment:debit_cards","payment:lightning","payment:lightning_contactless","payment:onchain"],"payment":{"lightning":true,"onchain":true,"credit_cards":false,"cash":true}},{"id":"osm:node:7949460179","name":"Bitcoin Embassy Bar","category":"bar","lat":19.4117283,"lng":-99.1646611,"country":"MX","city":"Mexico City","coins":["BTC"],"address":"Bitcoin Embassy Bar, 191, Avenida Medellín, Centro Urbano Benito Juárez, Roma Norte, Ciudad de México, Cuauhtémoc, Ciudad de México, 06700, México","website":"https://bitcoinemb.com/","status":"active","source":"osm","last_verified":"2025-08-27","tags":["addr:city","addr:housenumber","addr:postcode","addr:street","amenity","check_date:currency:XBT","currency:XBT","email","min_age","name","payment:lightning","payment:onchain"],"phone":"+52 55 6600 1205","payment":{"lightning":true,"onchain":true,"credit_cards":false,"cash":false}},{"id":"osm:node:8263105788","name":"Elektra","category":"department_store","lat":19.5679906,"lng":-99.0446601,"country":"MX","city":"Mexico City","coins":["BTC"],"address":"Elektra, Vía Morelos, Colonia U.H. ISSEMYM, Santa María Tulpetlac, Ecatepec de Morelos, Estado de México, 55404, México","website":"https://www.elektra.mx","status":"active","source":"osm","last_verified":"2025-08-27","tags":["brand","brand:wikidata","brand:wikipedia","check_date:currency:XBT","currency:XBT","name","payment:cash","payment:debit_cards","payment:lightning","payment:lightning_contactless","payment:onchain"],"payment":{"lightning":true,"onchain":true,"credit_cards":false,"cash":true}},{"id":"osm:node:8504658323","name":"Elektra","category":"department_store","lat":19.3558112,"lng":-99.2155065,"country":"MX","city":"Mexico City","coins":["BTC"],"address":"Elektra, Calzada de las Águilas, Colonia Las Águilas 1a. Sección, Ciudad de México, Álvaro Obregón, Ciudad de México, 01750, México","website":"https://www.elektra.mx","status":"active","source":"osm","last_verified":"2025-08-27","tags":["alt_name","brand","brand:wikidata","brand:wikipedia","check_date:currency:XBT","currency:XBT","name","payment:cash","payment:debit_cards","payment:lightning","payment:onchain"],"payment":{"lightning":true,"onchain":true,"credit_cards":false,"cash":true}},{"id":"osm:node:8843541717","name":"Elektra","category":"department_store","lat":19.3820872,"lng":-99.1187374,"country":"MX","city":"Mexico City","coins":["BTC"],"address":"Elektra, Calle Melchor Ocampo, Colonia El Triunfo, Ciudad de México, Iztapalapa, Ciudad de México, 09430, México","website":"https://www.elektra.mx","status":"active","source":"osm","last_verified":"2025-08-27","tags":["brand","brand:wikidata","brand:wikipedia","check_date:currency:XBT","currency:XBT","name","payment:cash","payment:debit_cards","payment:lightning","payment:lightning_contactless","payment:onchain"],"payment":{"lightning":true,"onchain":true,"credit_cards":false,"cash":true}},{"id":"osm:node:9115925995","name":"Elektra","category":"department_store","lat":19.5145264,"lng":-99.1349843,"country":"MX","city":"Mexico City","coins":["BTC"],"address":"Elektra, Calzada Ticomán, Colonia La Escalera, Ciudad de México, Gustavo A. Madero, Ciudad de México, 07340, México","website":"https://www.elektra.mx","status":"active","source":"osm","last_verified":"2025-08-27","tags":["addr:city","addr:postcode","addr:street","brand","brand:wikidata","brand:wikipedia","check_date:currency:XBT","contact:phone","currency:XBT","name","payment:cash","payment:lightning","payment:onchain"],"phone":"+525575775547","payment":{"lightning":true,"onchain":true,"credit_cards":false,"cash":true}},{"id":"osm:node:9955895389","name":"Elektra motos","category":"department_store","lat":19.3563738,"lng":-99.1062367,"country":"MX","city":"Mexico City","coins":["BTC"],"address":"Elektra motos, Calzada Ermita Iztapalapa, Colonia Los Cipreses, Ciudad de México, Iztapalapa, Ciudad de México, 09000, México","website":"https://www.elektra.mx","status":"active","source":"osm","last_verified":"2025-08-27","tags":["brand","brand:wikidata","brand:wikipedia","check_date:currency:XBT","currency:XBT","name","payment:cash","payment:debit_cards","payment:lightning","payment:lightning_contactless","payment:onchain"],"payment":{"lightning":true,"onchain":true,"credit_cards":false,"cash":true}},{"id":"osm:node:10300856211","name":"Elektra","category":"department_store","lat":19.4074599,"lng":-99.1137408,"country":"MX","city":"Mexico City","coins":["BTC"],"address":"Elektra, Francisco del Paso y Troncoso, Magdalena Mixiuhca, Ciudad de México, Venustiano Carranza, Ciudad de México, 15850, México","website":"https://www.elektra.mx","status":"active","source":"osm","last_verified":"2025-08-27","tags":["addr:street","brand","brand:wikidata","brand:wikipedia","check_date:currency:XBT","currency:XBT","name","payment:cash","payment:debit_cards","payment:lightning","payment:onchain"],"payment":{"lightning":true,"onchain":true,"credit_cards":false,"cash":true}},{"id":"osm:node:10554281017","name":"Fajas Colombianas Kisha","category":"clothes","lat":19.3630776,"lng":-99.2872029,"country":"MX","city":"Mexico City","coins":["BTC"],"address":"Fajas Colombianas Kisha, Avenida José María Castorena, Jesús del Monte, Ciudad de México, Cuajimalpa de Morelos, Ciudad de México, 05200, México","hours":"Mo-Sa 10:00-20:00","status":"active","source":"osm","last_verified":"2025-08-27","tags":["addr:city","addr:postcode","addr:street","check_date:currency:XBT","currency:XBT","email","name","opening_hours","payment:lightning","payment:lightning_contactless","payment:onchain"],"phone":"+525558121984","payment":{"lightning":true,"onchain":true,"credit_cards":false,"cash":false},"website":null},{"id":"osm:node:10567494881","name":"HodlBeer - Cerveza artesanal","category":"alcohol","lat":19.3527009,"lng":-99.1866894,"country":"MX","city":"Mexico City","coins":["BTC"],"address":"HodlBeer - Cerveza artesanal, Calle Fernando Villalpando, Guadalupe Inn, Ciudad de México, Álvaro Obregón, Ciudad de México, 01020, México","website":"https://linktr.ee/hodlbeer","status":"active","source":"osm","last_verified":"2025-08-27","tags":["check_date","currency:XBT","email","name","payment:lightning","payment:onchain","phone","shop","website"],"phone":"525510808010","payment":{"lightning":true,"onchain":true,"credit_cards":false,"cash":false}},{"id":"osm:node:10568824490","name":"Alberto Mérito","category":"other","lat":19.3526942,"lng":-99.1866384,"country":"MX","city":"Mexico City","coins":["BTC"],"address":"Alberto Mérito, 100, Calle Fernando Villalpando, Guadalupe Inn, Ciudad de México, Álvaro Obregón, Ciudad de México, 01020, México","website":"http://merito.me/","hours":"Mo-Su 08:30-18:30","status":"active","source":"osm","last_verified":"2025-08-27","tags":["addr:housenumber","addr:street","check_date","currency:XBT","name","note","office","opening_hours","payment:lightning","payment:onchain"],"phone":"525510808010","payment":{"lightning":true,"onchain":true,"credit_cards":false,"cash":false}},{"id":"osm:node:10938079219","name":"Inglés Real","category":"language_school","lat":19.3981432,"lng":-99.1340946,"country":"MX","city":"Mexico City","coins":["BTC"],"address":"Inglés Real, 6, Calle Manuel Gutiérrez Nájera, Colonia Moderna, Ciudad de México, Benito Juárez, Ciudad de México, 03510, México","website":"https://www.inglesreales.com","hours":"Mo-Su 09:00-21:00","status":"active","source":"osm","last_verified":"2025-08-27","tags":["addr:city","addr:housenumber","addr:street","amenity","check_date:currency:XBT","contact:email","contact:mobile","currency:XBT","description","language:en","payment:cash","payment:lightning","payment:onchain"],"payment":{"lightning":true,"onchain":true,"credit_cards":false,"cash":true}},{"id":"osm:node:11221576027","name":"Bitcoin Academy Mexico","category":"other","lat":19.3720394,"lng":-99.2464324,"country":"MX","city":"Mexico City","coins":["BTC"],"address":"Bitcoin Academy Mexico, 80, Avenida Bernardo Quintana, Colonia Gral. Antonio Rosales, Santa Fe La Loma, Ciudad de México, Álvaro Obregón, Ciudad de México, 01376, México","website":"https://vienna.earth/plate/bitcoin_academy/Bitcoin%20Academy","hours":"Mo-Fr 08:00-21:00","status":"active","source":"osm","last_verified":"2025-08-27","tags":["addr:city","addr:housenumber","addr:street","check_date","currency:XBT","description","name","office","opening_hours","payment:lightning","payment:onchain"],"phone":"+52 55 4361 2374","payment":{"lightning":true,"onchain":true,"credit_cards":false,"cash":false}},{"id":"osm:node:12119642637","name":"FlowSuites Condesa","category":"other","lat":19.4109052,"lng":-99.1723187,"country":"MX","city":"Mexico City","coins":["BTC"],"address":"FlowSuites Condesa, 108, Avenida Nuevo León, Condesa, Ciudad de México, Cuauhtémoc, Ciudad de México, 06100, México","website":"https://www.flowsuites.com/condesa","status":"active","source":"osm","last_verified":"2025-08-27","tags":["addr:city","addr:housenumber","addr:neighbourhood","addr:postcode","addr:street","brand","check_date:currency:XBT","currency:XBT","email","internet_access","payment:lightning","payment:onchain"],"phone":"+52 55 4123 7507","payment":{"lightning":true,"onchain":true,"credit_cards":false,"cash":false}},{"id":"osm:node:12324352981","name":"Neurólogo - Neurologist","category":"doctors","lat":19.3998091,"lng":-99.1725609,"country":"MX","city":"Mexico City","coins":["BTC"],"address":"Neurólogo - Neurologist, 208, Calle Agrarismo, Escandón 2ª Sección, Ciudad de México, Miguel Hidalgo, Ciudad de México, 11800, México","website":"https://neurologocdmx.com/","hours":"\"By appointment\"","status":"active","source":"osm","last_verified":"2025-08-27","tags":["addr:city","addr:housenumber","addr:postcode","addr:street","amenity","check_date","currency:XBT","description","healthcare","healthcare:speciality","payment:lightning"],"phone":"+52  55 4336 8723","payment":{"lightning":true,"onchain":false,"credit_cards":false,"cash":false}},{"id":"osm:node:12563478010","name":"Cajero ATM Bitcoin Blink","category":"atm","lat":19.2544174,"lng":-99.1800153,"country":"MX","city":"Mexico City","coins":["BTC"],"address":"Cajero ATM Bitcoin Blink, 121, Calle Xitle Jardín, Colonia María Esther Zuno de Echeverría, Tlalpan, Ciudad de México, 14400, México","website":"https://coinatmradar.com/bitcoin_atm/91310/bitcoin-atm-lamassu-mexico-city-elotl-esquites/","hours":"Tu-Sa 17:00-21:00","status":"active","source":"osm","last_verified":"2025-08-27","tags":["addr:city","addr:housenumber","addr:neighbourhood","addr:postcode","addr:street","amenity","branch","cash_in","cash_out","check_date","payment:cash","payment:lightning","payment:onchain"],"phone":"+52 55 3028 3790","payment":{"lightning":true,"onchain":true,"credit_cards":false,"cash":true}},{"id":"osm:node:12997981352","name":"Ferretornillos San Fernando","category":"hardware","lat":19.382839,"lng":-99.2843303,"country":"MX","city":"Mexico City","coins":["BTC"],"address":"Ferretornillos San Fernando, Avenida San Fernando, San Fernando, Interlomas, Huixquilucan, Estado de México, 52765, México","status":"active","source":"osm","last_verified":"2025-08-27","tags":["check_date:currency:XBT","currency:XBT","name","payment:lightning","payment:lightning_contactless","payment:onchain","shop"],"payment":{"lightning":true,"onchain":true,"credit_cards":false,"cash":false},"website":null},{"id":"osm:way:242021015","name":"Elektra","category":"department_store","lat":19.318157,"lng":-99.1638494,"country":"MX","city":"Mexico City","coins":["BTC"],"address":"Elektra, Avenida Aztecas, Colonia Ajusco, Ciudad de México, Coyoacán, Ciudad de México, 04300, México","website":"https://www.elektra.mx","status":"active","source":"osm","last_verified":"2025-08-27","tags":["brand","brand:wikidata","brand:wikipedia","building","check_date:currency:XBT","currency:XBT","name","payment:cash","payment:debit_cards","payment:lightning","payment:onchain"],"payment":{"lightning":true,"onchain":true,"credit_cards":false,"cash":true}},{"id":"osm:way:270493747","name":"Elektra","category":"department_store","lat":19.4302482,"lng":-98.959883,"country":"MX","city":"Mexico City","coins":["BTC"],"address":"Elektra, Avenida del Peñón, Chimalhuacán, Estado de México, 56334, México","website":"https://www.elektra.mx","status":"active","source":"osm","last_verified":"2025-08-27","tags":["brand","brand:wikidata","brand:wikipedia","building","check_date:currency:XBT","currency:XBT","name","payment:cash","payment:debit_cards","payment:lightning","payment:onchain"],"payment":{"lightning":true,"onchain":true,"credit_cards":false,"cash":true}},{"id":"osm:way:270656084","name":"Elektra","category":"department_store","lat":19.4230015,"lng":-98.9824545,"country":"MX","city":"Mexico City","coins":["BTC"],"address":"Elektra, Privada de Tlalnepantla, Chimalhuacán, Estado de México, 56353, México","website":"https://www.elektra.mx","status":"active","source":"osm","last_verified":"2025-08-27","tags":["brand","brand:wikidata","brand:wikipedia","building","check_date:currency:XBT","currency:XBT","name","payment:cash","payment:debit_cards","payment:lightning","payment:onchain"],"payment":{"lightning":true,"onchain":true,"credit_cards":false,"cash":true}},{"id":"osm:way:270928379","name":"Elektra","category":"department_store","lat":19.4123244,"lng":-98.9795852,"country":"MX","city":"Mexico City","coins":["BTC"],"address":"Elektra, Avenida Bordo de Xochiaca, Chimalhuacán, Estado de México, 56346, México","website":"https://www.elektra.mx","status":"active","source":"osm","last_verified":"2025-08-27","tags":["brand","brand:wikidata","brand:wikipedia","building","check_date:currency:XBT","currency:XBT","name","payment:cash","payment:debit_cards","payment:lightning","payment:onchain"],"payment":{"lightning":true,"onchain":true,"credit_cards":false,"cash":true}},{"id":"osm:way:285940153","name":"Elektra","category":"department_store","lat":19.3033754,"lng":-99.0554214,"country":"MX","city":"Mexico City","coins":["BTC"],"address":"Elektra, Calle Porvenir, Colonia Las Arboledas, Ciudad de México, Tláhuac, Ciudad de México, 132219, México","website":"https://www.elektra.mx","status":"active","source":"osm","last_verified":"2025-08-27","tags":["brand","brand:wikidata","brand:wikipedia","building","check_date:currency:XBT","currency:XBT","name","payment:cash","payment:debit_cards","payment:lightning","payment:onchain"],"payment":{"lightning":true,"onchain":true,"credit_cards":false,"cash":true}},{"id":"osm:way:327297521","name":"Elektra","category":"department_store","lat":19.2658894,"lng":-99.1715598,"country":"MX","city":"Mexico City","coins":["BTC"],"address":"Elektra, Carretera México - Cuernavaca (Libre), San Pedro Mártir, Ciudad de México, Tlalpan, Ciudad de México, 14650, México","website":"https://www.elektra.mx","status":"active","source":"osm","last_verified":"2025-08-27","tags":["addr:street","brand","brand:wikidata","brand:wikipedia","building","check_date:currency:XBT","currency:XBT","name","operator","payment:cash","payment:lightning","payment:onchain"],"payment":{"lightning":true,"onchain":true,"credit_cards":false,"cash":true}},{"id":"osm:way:391817725","name":"Elektra","category":"department_store","lat":19.3512334,"lng":-99.0738003,"country":"MX","city":"Mexico City","coins":["BTC"],"address":"Elektra, Calle San Felipe de Jesús, 2a. Ampliación Barrio San Miguel (San Felipe Terremotes), Ciudad de México, Iztapalapa, Ciudad de México, 09360, México","website":"https://www.elektra.mx","hours":"Mo-Su 09:00-21:00","status":"active","source":"osm","last_verified":"2025-08-27","tags":["brand","brand:wikidata","brand:wikipedia","building","check_date:currency:XBT","currency:XBT","name","opening_hours","operator","payment:cash","payment:lightning","payment:onchain"],"payment":{"lightning":true,"onchain":true,"credit_cards":false,"cash":true}},{"id":"osm:way:398642930","name":"Elektra","category":"department_store","lat":19.3829847,"lng":-99.2350445,"country":"MX","city":"Mexico City","coins":["BTC"],"address":"Elektra, Callejón Cebada, Colonia Lomas de Nuevo México, Ciudad de México, Álvaro Obregón, Ciudad de México, 01250, México","website":"https://www.elektra.mx","status":"active","source":"osm","last_verified":"2025-08-27","tags":["brand","brand:wikidata","brand:wikipedia","check_date:currency:XBT","currency:XBT","name","operator","payment:cash","payment:debit_cards","payment:lightning","payment:onchain"],"payment":{"lightning":true,"onchain":true,"credit_cards":false,"cash":true}},{"id":"osm:way:412812881","name":"Elektra","category":"department_store","lat":19.2983103,"lng":-99.1521037,"country":"MX","city":"Mexico City","coins":["BTC"],"address":"Elektra, Calle José Apolinar Nieto, Bosques de Tetlameya, Ciudad de México, Coyoacán, Ciudad de México, 04730, México","website":"https://www.elektra.mx","hours":"Mo-Su 08:00-21:00","status":"active","source":"osm","last_verified":"2025-08-27","tags":["brand","brand:wikidata","brand:wikipedia","building","check_date:currency:XBT","currency:XBT","name","opening_hours","payment:cash","payment:debit_cards","payment:lightning","payment:onchain"],"payment":{"lightning":true,"onchain":true,"credit_cards":false,"cash":true}},{"id":"osm:way:418392950","name":"Elektra","category":"department_store","lat":19.3275423,"lng":-98.9464299,"country":"MX","city":"Mexico City","coins":["BTC"],"address":"Elektra, Avenida Cuauhtémoc, Ixtapaluca, Estado de México, 56576, México","website":"https://www.elektra.mx","hours":"Mo-Su 09:00-21:00","status":"active","source":"osm","last_verified":"2025-08-27","tags":["addr:city","addr:postcode","addr:street","brand","brand:wikidata","brand:wikipedia","building","check_date:currency:XBT","currency:XBT","name","payment:cash","payment:credit_cards","payment:lightning","payment:onchain"],"phone":"+525518014853","payment":{"lightning":true,"onchain":true,"credit_cards":true,"cash":true}},{"id":"osm:way:543831219","name":"Elektra","category":"department_store","lat":19.3897272,"lng":-99.2110315,"country":"MX","city":"Mexico City","coins":["BTC"],"address":"Elektra, Camino a Santa Fe, Colonia Mártires de Tacubaya, Ciudad de México, Álvaro Obregón, Ciudad de México, 01130, México","website":"https://www.elektra.mx","hours":"08:00-20:00","status":"active","source":"osm","last_verified":"2025-08-27","tags":["addr:city","addr:postcode","addr:street","brand","brand:wikidata","brand:wikipedia","building","check_date:currency:XBT","currency:XBT","name","payment:cash","payment:lightning","payment:onchain"],"payment":{"lightning":true,"onchain":true,"credit_cards":false,"cash":true}},{"id":"osm:way:557202425","name":"Elektra","category":"department_store","lat":19.4111155,"lng":-99.0798875,"country":"MX","city":"Mexico City","coins":["BTC"],"address":"Elektra, Calzada General Ignacio Zaragoza, Aviación Civil, Ciudad de México, Venustiano Carranza, Ciudad de México, 15730, México","website":"https://www.elektra.mx","status":"active","source":"osm","last_verified":"2025-08-27","tags":["addr:city","addr:postcode","addr:street","brand","brand:wikidata","brand:wikipedia","building","check_date:currency:XBT","currency:XBT","name","payment:cash","payment:credit_cards","payment:lightning","payment:onchain"],"payment":{"lightning":true,"onchain":true,"credit_cards":true,"cash":true}},{"id":"osm:way:568311172","name":"Elektra","category":"department_store","lat":19.3581487,"lng":-99.1222454,"country":"MX","city":"Mexico City","coins":["BTC"],"address":"Elektra, Calzada de la Viga, Colonia Mexicaltzingo, Ciudad de México, Iztapalapa, Ciudad de México, 09099, México","website":"https://www.elektra.mx","status":"active","source":"osm","last_verified":"2025-08-27","tags":["brand","brand:wikidata","brand:wikipedia","building","check_date:currency:XBT","currency:XBT","name","payment:cash","payment:debit_cards","payment:lightning","payment:onchain"],"payment":{"lightning":true,"onchain":true,"credit_cards":false,"cash":true}},{"id":"osm:way:616994275","name":"Elektra","category":"department_store","lat":19.5331635,"lng":-99.167361,"country":"MX","city":"Mexico City","coins":["BTC"],"address":"Elektra, Avenida Santa Cecilia, Tlalnepantla, Tlalnepantla de Baz, Estado de México, 07620, México","website":"https://www.elektra.mx","status":"active","source":"osm","last_verified":"2025-08-27","tags":["brand","brand:wikidata","brand:wikipedia","building","check_date:currency:XBT","currency:XBT","name","payment:cash","payment:debit_cards","payment:lightning","payment:onchain"],"payment":{"lightning":true,"onchain":true,"credit_cards":false,"cash":true}},{"id":"osm:way:627193779","name":"Elektra","category":"department_store","lat":19.2776518,"lng":-98.9424279,"country":"MX","city":"Mexico City","coins":["BTC"],"address":"Elektra, Avenida Alfredo del Mazo, Valle de Chalco Solidaridad, Estado de México, 56617, México","website":"https://www.elektra.mx","status":"active","source":"osm","last_verified":"2025-08-27","tags":["alt_name","brand","brand:wikidata","brand:wikipedia","building","check_date:currency:XBT","currency:XBT","name","payment:cash","payment:debit_cards","payment:lightning","payment:onchain"],"payment":{"lightning":true,"onchain":true,"credit_cards":false,"cash":true}},{"id":"osm:way:694776667","name":"Elektra","category":"department_store","lat":19.3587257,"lng":-99.0890505,"country":"MX","city":"Mexico City","coins":["BTC"],"address":"Elektra, Calzada Ermita Iztapalapa, Barrio San Pablo, Ciudad de México, Iztapalapa, Ciudad de México, 09000, México","website":"https://www.elektra.mx","status":"active","source":"osm","last_verified":"2025-08-27","tags":["brand","brand:wikidata","brand:wikipedia","building","check_date:currency:XBT","currency:XBT","name","payment:cash","payment:debit_cards","payment:lightning","payment:onchain"],"payment":{"lightning":true,"onchain":true,"credit_cards":false,"cash":true}},{"id":"osm:way:703163028","name":"Elektra","category":"department_store","lat":19.2680492,"lng":-99.0059352,"country":"MX","city":"Mexico City","coins":["BTC"],"address":"Elektra, Calle Gabriel Hernández, San Pedro Tláhuac, Ciudad de México, Tláhuac, Ciudad de México, 13060, México","website":"https://www.elektra.mx","status":"active","source":"osm","last_verified":"2025-08-27","tags":["brand","brand:wikidata","brand:wikipedia","building","check_date:currency:XBT","currency:XBT","name","payment:cash","payment:debit_cards","payment:lightning","payment:onchain"],"payment":{"lightning":true,"onchain":true,"credit_cards":false,"cash":true}},{"id":"osm:way:783772175","name":"Elektra","category":"department_store","lat":19.2892805,"lng":-99.2179928,"country":"MX","city":"Mexico City","coins":["BTC"],"address":"Banco Azteca, Calle Tizimín, Colonia Jardines del Ajusco, Ciudad de México, Tlalpan, Ciudad de México, 14240, México","status":"active","source":"osm","last_verified":"2025-08-27","tags":["addr:street","brand","brand:wikidata","building","check_date:currency:XBT","currency:XBT","name","payment:cash","payment:debit_cards","payment:lightning","payment:onchain"],"payment":{"lightning":true,"onchain":true,"credit_cards":false,"cash":true},"website":null},{"id":"osm:way:787652277","name":"Elektra","category":"department_store","lat":19.3541081,"lng":-99.0752029,"country":"MX","city":"Mexico City","coins":["BTC"],"address":"Elektra, José de Jesús Villa Padierna, Colonia 8a. Ampliación San Miguel, Ciudad de México, Iztapalapa, Ciudad de México, 09360, México","website":"https://www.elektra.mx","status":"active","source":"osm","last_verified":"2025-08-27","tags":["brand","brand:wikidata","brand:wikipedia","building","check_date:currency:XBT","currency:XBT","name","payment:cash","payment:debit_cards","payment:lightning","payment:onchain"],"payment":{"lightning":true,"onchain":true,"credit_cards":false,"cash":true}},{"id":"osm:way:838437253","name":"Elektra","category":"bank","lat":19.5138314,"lng":-99.209226,"country":"MX","city":"Mexico City","coins":["BTC"],"address":"Elektra, 100, Avenida de Armas Norte, Tlalnepantla, Tlalnepantla de Baz, Estado de México, 54090, México","website":"https://www.elektra.mx","hours":"Mo-Su 09:00-21:00","status":"active","source":"osm","last_verified":"2025-08-27","tags":["addr:city","addr:housenumber","addr:postcode","addr:street","air_conditioning","amenity","atm","branch","brand","brand:wikidata","payment:cash","payment:lightning","payment:onchain"],"phone":"55 5383 1041, 55 5383 2717","payment":{"lightning":true,"onchain":true,"credit_cards":false,"cash":true}},{"id":"osm:way:927367056","name":"Elektra","category":"department_store","lat":19.3325867,"lng":-99.1713819,"country":"MX","city":"Mexico City","coins":["BTC"],"address":"Banco Azteca, Avenida Escuinapa, Colonia La Cantera, Ciudad de México, Coyoacán, Ciudad Universitaria, Ciudad de México, 04369, México","website":"https://www.elektra.mx","status":"active","source":"osm","last_verified":"2025-08-27","tags":["addr:street","brand","brand:wikidata","brand:wikipedia","building","check_date:currency:XBT","currency:XBT","name","payment:cash","payment:debit_cards","payment:lightning","payment:onchain"],"payment":{"lightning":true,"onchain":true,"credit_cards":false,"cash":true}},{"id":"osm:way:957614752","name":"Elektra","category":"department_store","lat":19.3889144,"lng":-99.1908231,"country":"MX","city":"Mexico City","coins":["BTC"],"address":"Banco Azteca, Ferrocarril de Cuernavaca, Colonia San Pedro de los Pinos, Ciudad de México, Álvaro Obregón, Ciudad de México, 01180, México","website":"https://www.elektra.mx","status":"active","source":"osm","last_verified":"2025-08-27","tags":["brand","brand:wikidata","brand:wikipedia","building","check_date:currency:XBT","currency:XBT","name","payment:cash","payment:debit_cards","payment:lightning","payment:onchain"],"payment":{"lightning":true,"onchain":true,"credit_cards":false,"cash":true}},{"id":"osm:way:1038997637","name":"Elektra","category":"department_store","lat":19.4522847,"lng":-99.2473495,"country":"MX","city":"Mexico City","coins":["BTC"],"address":"Elektra, Avenida Altamira, San Antonio Zomeyucan, San Antonio Zomeyucan / Xomeyucan, San Rafael Chamapa, Naucalpan de Juárez, Estado de México, 53570, México","website":"https://www.elektra.mx","hours":"Mo-Su 09:00-21:00","status":"active","source":"osm","last_verified":"2025-08-27","tags":["addr:city","addr:postcode","addr:street","brand","brand:wikidata","brand:wikipedia","building","check_date:currency:XBT","currency:XBT","name","payment:cash","payment:lightning","payment:onchain"],"payment":{"lightning":true,"onchain":true,"credit_cards":false,"cash":true}},{"id":"osm:way:1112169009","name":"Elektra","category":"department_store","lat":19.31581,"lng":-99.0718722,"country":"MX","city":"Mexico City","coins":["BTC"],"address":"Elektra, Avenida Tláhuac, San Lorenzo Tezonco, Iztapalapa, Ciudad de México, 09790, México, Ciudad de México, Iztapalapa, Ciudad de México, 09780, México","website":"https://www.elektra.mx","status":"active","source":"osm","last_verified":"2025-08-27","tags":["brand","brand:wikidata","brand:wikipedia","building","check_date:currency:XBT","currency:XBT","name","payment:cash","payment:debit_cards","payment:lightning","payment:onchain"],"payment":{"lightning":true,"onchain":true,"credit_cards":false,"cash":true}},{"id":"osm:way:1194900490","name":"Elektra","category":"department_store","lat":19.3728672,"lng":-99.1896716,"country":"MX","city":"Mexico City","coins":["BTC"],"address":"Elektra, Calle Miguel Ángel Buonarroti, Colonia Mixcoac, Ciudad de México, Benito Juárez, Ciudad de México, 03910, México","website":"https://www.elektra.mx","status":"active","source":"osm","last_verified":"2025-08-27","tags":["addr:city","addr:country","addr:postcode","addr:province","addr:state","addr:suburb","brand","brand:wikidata","brand:wikipedia","check_date:currency:XBT","payment:cash","payment:lightning","payment:onchain"],"payment":{"lightning":true,"onchain":true,"credit_cards":false,"cash":true}},{"id":"osm:way:1366464528","name":"Elektra","category":"department_store","lat":19.3436313,"lng":-99.1906597,"country":"MX","city":"Mexico City","coins":["BTC"],"address":"Elektra, 1775, Avenida Revolución, Colonia Residencial Antigua San Jacinto, Ciudad de México, Álvaro Obregón, Tlacopac, Ciudad de México, 01000, México","website":"https://www.elektra.mx","status":"active","source":"osm","last_verified":"2025-08-27","tags":["addr:country","addr:housenumber","addr:postcode","addr:province","addr:state","addr:street","addr:suburb","alt_name","brand","brand:wikidata","payment:cash","payment:lightning","payment:onchain"],"phone":"+52 55 59903621;+52 55 59903622","payment":{"lightning":true,"onchain":true,"credit_cards":false,"cash":true}}]
