[{"id":"osm:node:4003562489","name":"Juvia","category":"restaurant","lat":25.7906686,"lng":-80.140142,"country":"US","city":"Miami","coins":["BTC"],"address":"Juvia, 1111, Lincoln Road, Miami Beach, Miami-Dade County, Florida, 33139, United States","website":"http://www.juviamiami.com","status":"active","source":"osm","last_verified":"2025-08-27","tags":["addr:city","addr:housenumber","addr:postcode","addr:state","addr:street","amenity","contact:phone","currency:XBT","name","payment:lightning"],"phone":"+1 305 763 8272","payment":{"lightning":true,"onchain":false,"credit_cards":false,"cash":false}},{"id":"osm:node:4945667521","name":"Sushi Garage","category":"restaurant","lat":25.7934212,"lng":-80.1428044,"country":"US","city":"Miami","coins":["BTC"],"address":"Sushi Garage, 1784, West Avenue, Miami Beach, Miami-Dade County, Florida, 33139, United States","website":"https://www.sushigarage.com/","status":"active","source":"osm","last_verified":"2025-08-27","tags":["addr:city","addr:housenumber","addr:postcode","addr:state","addr:street","amenity","cuisine","currency:XBT","name","name:en","payment:lightning"],"phone":"+13057638355","cuisine":"sushi","payment":{"lightning":true,"onchain":false,"credit_cards":false,"cash":false}},{"id":"osm:node:6036966576","name":"Embassy Flex","category":"car_rental","lat":25.7993795,"lng":-80.2602142,"country":"US","city":"Miami","coins":["BTC"],"address":"Embassy Flex, 3910, Northwest 26th Street, Miami, Miami-Dade County, Florida, 33142, United States","hours":"24/7","status":"active","source":"osm","last_verified":"2025-08-27","tags":["addr:city","addr:housenumber","addr:postcode","addr:state","addr:street","amenity","check_date","currency:XBT","description","email","payment:lightning"],"phone":"305-481-3357","payment":{"lightning":true,"onchain":false,"credit_cards":false,"cash":false},"website":null},{"id":"osm:node:6091344251","name":"Supercar Rooms Miami","category":"events_venue","lat":25.7960064,"lng":-80.1979564,"country":"US","city":"Miami","coins":["BTC"],"address":"Supercar Rooms Miami, 2022, Northwest 1st Court, Overtown, Wynwood, Miami, Miami-Dade County, Florida, 33127, United States","website":"https://www.supercarrooms.com/","status":"active","source":"osm","last_verified":"2025-08-27","tags":["addr:city","addr:housenumber","addr:postcode","addr:state","addr:street","amenity","currency:XBT","name","payment:lightning","payment:lightning_contactless"],"phone":"+13058799981","payment":{"lightning":true,"onchain":false,"credit_cards":false,"cash":false}},{"id":"osm:node:6107890133","name":"La Santa Taqueria","category":"restaurant","lat":25.8499938,"lng":-80.1926963,"country":"US","city":"Miami","coins":["BTC"],"address":"La Santa Taqueria, 201, Northeast 82nd Street, Oakland Grove, Little River, Miami, Miami-Dade County, Florida, 33138, United States","website":"https://www.lasantataqueria.com/","status":"active","source":"osm","last_verified":"2025-08-27","tags":["addr:city","addr:housenumber","addr:postcode","addr:state","addr:street","amenity","cuisine","currency:XBT","name","payment:lightning"],"phone":"+13059061149","cuisine":"mexican","payment":{"lightning":true,"onchain":false,"credit_cards":false,"cash":false}},{"id":"osm:node:6417121785","name":"Chotto Matte","category":"restaurant","lat":25.7911078,"lng":-80.1408037,"country":"US","city":"Miami","coins":["BTC"],"address":"Chotto Matte, 1664, Lenox Avenue, Miami Beach, Miami-Dade County, Florida, 33139, United States","website":"https://chotto-matte.com/","status":"active","source":"osm","last_verified":"2025-08-27","tags":["addr:city","addr:housenumber","addr:state","addr:street","amenity","currency:XBT","name","payment:lightning","payment:lightning_contactless","payment:onchain"],"phone":"+1 305-690-0743","payment":{"lightning":true,"onchain":true,"credit_cards":false,"cash":false}},{"id":"osm:node:10054832617","name":"Taquiza","category":"bar","lat":25.7850435,"lng":-80.1307447,"country":"US","city":"Miami","coins":["BTC"],"address":"Taquiza, Collins Avenue, Miami Beach, Miami-Dade County, Florida, 33139, United States","status":"active","source":"osm","last_verified":"2025-08-27","tags":["amenity","cuisine","currency:XBT","name","payment:lightning","payment:lightning_contactless","payment:onchain","survey:date"],"cuisine":"mexican","payment":{"lightning":true,"onchain":true,"credit_cards":false,"cash":false},"website":null},{"id":"osm:node:10111842029","name":"Iris Tattoo Miami","category":"tattoo","lat":25.8027205,"lng":-80.1955032,"country":"US","city":"Miami","coins":["BTC"],"address":"Iris Tattoo Miami, Northwest 28th Street, Wynwood, Miami, Miami-Dade County, Florida, 33127, United States","website":"https://iris.tattoo/miami/","status":"active","source":"osm","last_verified":"2025-08-27","tags":["currency:XBT","name","payment:lightning","payment:lightning_contactless","payment:onchain","phone","shop","survey:date","website"],"phone":"+17866159186","payment":{"lightning":true,"onchain":true,"credit_cards":false,"cash":false}},{"id":"osm:node:10132245572","name":"EZ Cleaning Supplies","category":"other","lat":25.8459371,"lng":-80.3156555,"country":"US","city":"Miami","coins":["BTC"],"address":"EZ Cleaning Supplies, Northwest 79th Terrace, Medley Mobile Homes, Medley, Miami-Dade County, Florida, 33195, United States","status":"active","source":"osm","last_verified":"2025-08-27","tags":["craft","currency:XBT","name","payment:lightning","payment:onchain","survey:date"],"payment":{"lightning":true,"onchain":true,"credit_cards":false,"cash":false},"website":null},{"id":"osm:node:10138470850","name":"GROU Coffee + Cowork","category":"cafe","lat":25.7333956,"lng":-80.2604178,"country":"US","city":"Miami","coins":["BTC"],"address":"GROU Coffee + Cowork, 4100, Salzedo Street, Coral Gables, Miami-Dade County, Florida, 33146, United States","website":"https://groucommunity.com/","status":"active","source":"osm","last_verified":"2025-08-27","tags":["addr:city","addr:housenumber","addr:postcode","addr:state","addr:street","addr:unit","amenity","cuisine","currency:XBT","name","payment:lightning"],"phone":"+19543290256","cuisine":"coffee_shop","payment":{"lightning":true,"onchain":false,"credit_cards":false,"cash":false}},{"id":"osm:node:10138526560","name":"Minibar","category":"bar","lat":25.7741201,"lng":-80.1361579,"country":"US","city":"Miami","coins":["BTC"],"address":"Minibar, 418, Meridian Avenue, South Beach, Miami Beach, Miami-Dade County, Florida, 33139, United States","website":"https://www.minibarmiami.com/","status":"active","source":"osm","last_verified":"2025-08-27","tags":["addr:city","addr:housenumber","addr:postcode","addr:state","addr:street","amenity","currency:XBT","name","payment:lightning","payment:lightning_contactless"],"phone":"+17866901858","payment":{"lightning":true,"onchain":false,"credit_cards":false,"cash":false}},{"id":"osm:node:10567233849","name":"Thyme Machine","category":"cafe","lat":25.7621379,"lng":-80.1929626,"country":"US","city":"Miami","coins":["BTC"],"address":"Thyme Machine, Brickell Plaza, Miami, Miami-Dade County, Florida, 33131, United States","website":"https://www.thymemachinecafe.com/","hours":"07:00-00:00","status":"active","source":"osm","last_verified":"2025-08-27","tags":["amenity","check_date","cuisine","currency:XBT","email","name","opening_hours","payment:lightning","payment:lightning_contactless","payment:onchain"],"phone":"+16179716923","cuisine":"lebanese","payment":{"lightning":true,"onchain":true,"credit_cards":false,"cash":false}},{"id":"osm:node:10803293425","name":"Polo Ralph Lauren","category":"clothes","lat":25.8131574,"lng":-80.1920657,"country":"US","city":"Miami","coins":["BTC"],"address":"Polo Ralph Lauren, Paseo Ponti, Buena Vista, Miami, Miami-Dade County, Florida, 33137, United States","status":"active","source":"osm","last_verified":"2025-08-27","tags":["brand","brand:wikidata","check_date","currency:XBT","name","payment:lightning","payment:onchain","shop"],"payment":{"lightning":true,"onchain":true,"credit_cards":false,"cash":false},"website":null},{"id":"osm:node:10847051464","name":"Orno Miami","category":"restaurant","lat":25.7126655,"lng":-80.2787112,"country":"US","city":"Miami","coins":["BTC"],"address":"Orno Miami, 1350, South Dixie Highway, Coral Gables, Miami-Dade County, Florida, 33146, United States","website":"https://ornomiami.com/","status":"active","source":"osm","last_verified":"2025-08-27","tags":["addr:city","addr:housenumber","addr:postcode","addr:state","addr:street","amenity","currency:XBT","name","payment:lightning","payment:lightning_contactless","payment:onchain"],"phone":"13056676766","payment":{"lightning":true,"onchain":true,"credit_cards":false,"cash":false}},{"id":"osm:node:11445230873","name":"Miami Camera Rental","category":"photo","lat":25.8436974,"lng":-80.1891748,"country":"US","city":"Miami","coins":["BTC"],"address":"Miami Camera Rental, 370, Northeast 75th Street, Little River, Miami, Miami-Dade County, Florida, 33138, United States","website":"https://www.miamicamerastore.com/","status":"active","source":"osm","last_verified":"2025-08-27","tags":["addr:city","addr:country","addr:housenumber","addr:postcode","addr:street","currency:XBT","description","name","payment:lightning","payment:lightning_contactless"],"payment":{"lightning":true,"onchain":false,"credit_cards":false,"cash":false}},{"id":"osm:node:11986492180","name":"Skyrim Security","category":"other","lat":25.8004142,"lng":-80.1885413,"country":"US","city":"Miami","coins":["BTC"],"address":"Skyrim Security, 333, Northeast 24th Street, Wynwood, Miami, Miami-Dade County, Florida, 33137, United States","website":"https://skyrimsecurity.com/","hours":"24/7","status":"active","source":"osm","last_verified":"2025-08-27","tags":["addr:city","addr:housenumber","addr:postcode","addr:state","addr:street","addr:unit","check_date","contact:email","currency:XBT","name","payment:lightning","payment:onchain"],"payment":{"lightning":true,"onchain":true,"credit_cards":false,"cash":false}},{"id":"osm:node:12025637369","name":"Proof of Work Fitness","category":"other","lat":25.7749065,"lng":-80.1852126,"country":"US","city":"Miami","coins":["BTC"],"address":"Proof of Work Fitness, Miamarina Parkway Drive, HMS Bounty, Miami, Miami-Dade County, Florida, 33131, United States","website":"https://www.proofofwork.fit/","hours":"Mo-Su 10:00-21:00","status":"active","source":"osm","last_verified":"2025-08-27","tags":["addr:city","addr:postcode","addr:state","currency:XBT","description","leisure","name","opening_hours","payment:cash","payment:lightning","payment:onchain"],"phone":"+19544182545","payment":{"lightning":true,"onchain":true,"credit_cards":false,"cash":true}},{"id":"osm:node:12115665900","name":"DESIGNHOUSE","category":"other","lat":25.7514608,"lng":-80.2588975,"country":"US","city":"Miami","coins":["BTC"],"address":"Designhouse, 2222, Ponce de Leon Boulevard, Coral Gables, Miami-Dade County, Florida, 33134, United States","website":"https://designhouseagency.com","hours":"Mo-Su 09:00-21:00","status":"active","source":"osm","last_verified":"2025-08-27","tags":["addr:city","addr:housenumber","addr:postcode","addr:state","addr:street","addr:unit","check_date","contact:email","contact:facebook","contact:instagram","payment:lightning","payment:onchain"],"phone":"+1 305-456-7253","instagram":"http://instagram.com/designhouseagency","twitter":"https://twitter.com/designhouseMIA","payment":{"lightning":true,"onchain":true,"credit_cards":false,"cash":false}},{"id":"osm:node:12144822528","name":"Jorge Enterprises GC - Construction","category":"other","lat":25.7480898,"lng":-80.2603205,"country":"US","city":"Miami","coins":["BTC"],"address":"Jorge Enterprises GC - Construction, Valencia Avenue, Coral Gables, Miami-Dade County, Florida, 33234, United States","website":"https://je-gc.com/","hours":"Mo-Su 08:00-21:00","status":"active","source":"osm","last_verified":"2025-08-27","tags":["addr:city","addr:postcode","addr:state","addr:street","addr:unit","check_date","check_date:currency:XBT","craft","currency:XBT","description","payment:lightning","payment:onchain"],"phone":"+1 305-492-5916","payment":{"lightning":true,"onchain":true,"credit_cards":false,"cash":false}}]
