[
  {
    "id": "osm:node:4003562489",
    "name": "Juvia",
    "category": "restaurant",
    "lat": 25.7906686,
    "lng": -80.140142,
    "country": "US",
    "city": "Miami",
    "coins": [
      "BTC"
    ],
    "address": "",
    "website": "http://www.juviamiami.com",
    "hours": "",
    "status": "active",
    "source": "osm",
    "last_verified": "2025-08-27",
    "tags": [
      "addr:city",
      "addr:housenumber",
      "addr:postcode",
      "addr:state",
      "addr:street",
      "amenity",
      "contact:phone",
      "currency:XBT",
      "name",
      "payment:lightning"
    ],
    "notes": ""
  },
  {
    "id": "osm:node:4945667521",
    "name": "Sushi Garage",
    "category": "restaurant",
    "lat": 25.7934212,
    "lng": -80.1428044,
    "country": "US",
    "city": "Miami",
    "coins": [
      "BTC"
    ],
    "address": "",
    "website": "https://www.sushigarage.com/",
    "hours": "",
    "status": "active",
    "source": "osm",
    "last_verified": "2025-08-27",
    "tags": [
      "addr:city",
      "addr:housenumber",
      "addr:postcode",
      "addr:state",
      "addr:street",
      "amenity",
      "cuisine",
      "currency:XBT",
      "name",
      "name:en"
    ],
    "notes": ""
  },
  {
    "id": "osm:node:6036966576",
    "name": "Embassy Flex",
    "category": "car_rental",
    "lat": 25.7993795,
    "lng": -80.2602142,
    "country": "US",
    "city": "Miami",
    "coins": [
      "BTC"
    ],
    "address": "",
    "website": "",
    "hours": "",
    "status": "active",
    "source": "osm",
    "last_verified": "2025-08-27",
    "tags": [
      "addr:city",
      "addr:housenumber",
      "addr:postcode",
      "addr:state",
      "addr:street",
      "amenity",
      "check_date",
      "currency:XBT",
      "description",
      "email"
    ],
    "notes": ""
  },
  {
    "id": "osm:node:6091344251",
    "name": "Supercar Rooms Miami",
    "category": "events_venue",
    "lat": 25.7960064,
    "lng": -80.1979564,
    "country": "US",
    "city": "Miami",
    "coins": [
      "BTC"
    ],
    "address": "",
    "website": "https://www.supercarrooms.com/",
    "hours": "",
    "status": "active",
    "source": "osm",
    "last_verified": "2025-08-27",
    "tags": [
      "addr:city",
      "addr:housenumber",
      "addr:postcode",
      "addr:state",
      "addr:street",
      "amenity",
      "currency:XBT",
      "name",
      "payment:lightning",
      "payment:lightning_contactless"
    ],
    "notes": ""
  },
  {
    "id": "osm:node:6107890133",
    "name": "La Santa Taqueria",
    "category": "restaurant",
    "lat": 25.8499938,
    "lng": -80.1926963,
    "country": "US",
    "city": "Miami",
    "coins": [
      "BTC"
    ],
    "address": "",
    "website": "https://www.lasantataqueria.com/",
    "hours": "",
    "status": "active",
    "source": "osm",
    "last_verified": "2025-08-27",
    "tags": [
      "addr:city",
      "addr:housenumber",
      "addr:postcode",
      "addr:state",
      "addr:street",
      "amenity",
      "cuisine",
      "currency:XBT",
      "name",
      "payment:lightning"
    ],
    "notes": ""
  },
  {
    "id": "osm:node:6417121785",
    "name": "Chotto Matte",
    "category": "restaurant",
    "lat": 25.7911078,
    "lng": -80.1408037,
    "country": "US",
    "city": "Miami",
    "coins": [
      "BTC"
    ],
    "address": "",
    "website": "https://chotto-matte.com/",
    "hours": "",
    "status": "active",
    "source": "osm",
    "last_verified": "2025-08-27",
    "tags": [
      "addr:city",
      "addr:housenumber",
      "addr:state",
      "addr:street",
      "amenity",
      "currency:XBT",
      "name",
      "payment:lightning",
      "payment:lightning_contactless",
      "payment:onchain"
    ],
    "notes": ""
  },
  {
    "id": "osm:node:10054832617",
    "name": "Taquiza",
    "category": "bar",
    "lat": 25.7850435,
    "lng": -80.1307447,
    "country": "US",
    "city": "Miami",
    "coins": [
      "BTC"
    ],
    "address": "",
    "website": "",
    "hours": "",
    "status": "active",
    "source": "osm",
    "last_verified": "2025-08-27",
    "tags": [
      "amenity",
      "cuisine",
      "currency:XBT",
      "name",
      "payment:lightning",
      "payment:lightning_contactless",
      "payment:onchain",
      "survey:date"
    ],
    "notes": ""
  },
  {
    "id": "osm:node:10111842029",
    "name": "Iris Tattoo Miami",
    "category": "tattoo",
    "lat": 25.8027205,
    "lng": -80.1955032,
    "country": "US",
    "city": "Miami",
    "coins": [
      "BTC"
    ],
    "address": "",
    "website": "https://iris.tattoo/miami/",
    "hours": "",
    "status": "active",
    "source": "osm",
    "last_verified": "2025-08-27",
    "tags": [
      "currency:XBT",
      "name",
      "payment:lightning",
      "payment:lightning_contactless",
      "payment:onchain",
      "phone",
      "shop",
      "survey:date",
      "website"
    ],
    "notes": ""
  },
  {
    "id": "osm:node:10132245572",
    "name": "EZ Cleaning Supplies",
    "category": "other",
    "lat": 25.8459371,
    "lng": -80.3156555,
    "country": "US",
    "city": "Miami",
    "coins": [
      "BTC"
    ],
    "address": "",
    "website": "",
    "hours": "",
    "status": "active",
    "source": "osm",
    "last_verified": "2025-08-27",
    "tags": [
      "craft",
      "currency:XBT",
      "name",
      "payment:lightning",
      "payment:onchain",
      "survey:date"
    ],
    "notes": ""
  },
  {
    "id": "osm:node:10138470850",
    "name": "GROU Coffee + Cowork",
    "category": "cafe",
    "lat": 25.7333956,
    "lng": -80.2604178,
    "country": "US",
    "city": "Miami",
    "coins": [
      "BTC"
    ],
    "address": "",
    "website": "https://groucommunity.com/",
    "hours": "",
    "status": "active",
    "source": "osm",
    "last_verified": "2025-08-27",
    "tags": [
      "addr:city",
      "addr:housenumber",
      "addr:postcode",
      "addr:state",
      "addr:street",
      "addr:unit",
      "amenity",
      "cuisine",
      "currency:XBT",
      "name"
    ],
    "notes": ""
  },
  {
    "id": "osm:node:10138526560",
    "name": "Minibar",
    "category": "bar",
    "lat": 25.7741201,
    "lng": -80.1361579,
    "country": "US",
    "city": "Miami",
    "coins": [
      "BTC"
    ],
    "address": "",
    "website": "https://www.minibarmiami.com/",
    "hours": "",
    "status": "active",
    "source": "osm",
    "last_verified": "2025-08-27",
    "tags": [
      "addr:city",
      "addr:housenumber",
      "addr:postcode",
      "addr:state",
      "addr:street",
      "amenity",
      "currency:XBT",
      "name",
      "payment:lightning",
      "payment:lightning_contactless"
    ],
    "notes": ""
  },
  {
    "id": "osm:node:10567233849",
    "name": "Thyme Machine",
    "category": "cafe",
    "lat": 25.7621379,
    "lng": -80.1929626,
    "country": "US",
    "city": "Miami",
    "coins": [
      "BTC"
    ],
    "address": "",
    "website": "https://www.thymemachinecafe.com/",
    "hours": "",
    "status": "active",
    "source": "osm",
    "last_verified": "2025-08-27",
    "tags": [
      "amenity",
      "check_date",
      "cuisine",
      "currency:XBT",
      "email",
      "name",
      "opening_hours",
      "payment:lightning",
      "payment:lightning_contactless",
      "payment:onchain"
    ],
    "notes": ""
  },
  {
    "id": "osm:node:10803293425",
    "name": "Polo Ralph Lauren",
    "category": "clothes",
    "lat": 25.8131574,
    "lng": -80.1920657,
    "country": "US",
    "city": "Miami",
    "coins": [
      "BTC"
    ],
    "address": "",
    "website": "",
    "hours": "",
    "status": "active",
    "source": "osm",
    "last_verified": "2025-08-27",
    "tags": [
      "brand",
      "brand:wikidata",
      "check_date",
      "currency:XBT",
      "name",
      "payment:lightning",
      "payment:onchain",
      "shop"
    ],
    "notes": ""
  },
  {
    "id": "osm:node:10847051464",
    "name": "Orno Miami",
    "category": "restaurant",
    "lat": 25.7126655,
    "lng": -80.2787112,
    "country": "US",
    "city": "Miami",
    "coins": [
      "BTC"
    ],
    "address": "",
    "website": "https://ornomiami.com/",
    "hours": "",
    "status": "active",
    "source": "osm",
    "last_verified": "2025-08-27",
    "tags": [
      "addr:city",
      "addr:housenumber",
      "addr:postcode",
      "addr:state",
      "addr:street",
      "amenity",
      "currency:XBT",
      "name",
      "payment:lightning",
      "payment:lightning_contactless"
    ],
    "notes": ""
  },
  {
    "id": "osm:node:11445230873",
    "name": "Miami Camera Rental",
    "category": "photo",
    "lat": 25.8436974,
    "lng": -80.1891748,
    "country": "US",
    "city": "Miami",
    "coins": [
      "BTC"
    ],
    "address": "",
    "website": "https://www.miamicamerastore.com/",
    "hours": "",
    "status": "active",
    "source": "osm",
    "last_verified": "2025-08-27",
    "tags": [
      "addr:city",
      "addr:country",
      "addr:housenumber",
      "addr:postcode",
      "addr:street",
      "currency:XBT",
      "description",
      "name",
      "payment:lightning",
      "payment:lightning_contactless"
    ],
    "notes": ""
  },
  {
    "id": "osm:node:11986492180",
    "name": "Skyrim Security",
    "category": "other",
    "lat": 25.8004142,
    "lng": -80.1885413,
    "country": "US",
    "city": "Miami",
    "coins": [
      "BTC"
    ],
    "address": "",
    "website": "https://skyrimsecurity.com/",
    "hours": "",
    "status": "active",
    "source": "osm",
    "last_verified": "2025-08-27",
    "tags": [
      "addr:city",
      "addr:housenumber",
      "addr:postcode",
      "addr:state",
      "addr:street",
      "addr:unit",
      "check_date",
      "contact:email",
      "currency:XBT",
      "name"
    ],
    "notes": ""
  },
  {
    "id": "osm:node:12025637369",
    "name": "Proof of Work Fitness",
    "category": "other",
    "lat": 25.7749065,
    "lng": -80.1852126,
    "country": "US",
    "city": "Miami",
    "coins": [
      "BTC"
    ],
    "address": "",
    "website": "https://www.proofofwork.fit/",
    "hours": "",
    "status": "active",
    "source": "osm",
    "last_verified": "2025-08-27",
    "tags": [
      "addr:city",
      "addr:postcode",
      "addr:state",
      "currency:XBT",
      "description",
      "leisure",
      "name",
      "opening_hours",
      "payment:cash",
      "payment:lightning"
    ],
    "notes": ""
  },
  {
    "id": "osm:node:12115665900",
    "name": "DESIGNHOUSE",
    "category": "other",
    "lat": 25.7514608,
    "lng": -80.2588975,
    "country": "US",
    "city": "Miami",
    "coins": [
      "BTC"
    ],
    "address": "",
    "website": "https://designhouseagency.com",
    "hours": "",
    "status": "active",
    "source": "osm",
    "last_verified": "2025-08-27",
    "tags": [
      "addr:city",
      "addr:housenumber",
      "addr:postcode",
      "addr:state",
      "addr:street",
      "addr:unit",
      "check_date",
      "contact:email",
      "contact:facebook",
      "contact:instagram"
    ],
    "notes": ""
  },
  {
    "id": "osm:node:12144822528",
    "name": "Jorge Enterprises GC - Construction",
    "category": "other",
    "lat": 25.7480898,
    "lng": -80.2603205,
    "country": "US",
    "city": "Miami",
    "coins": [
      "BTC"
    ],
    "address": "",
    "website": "https://je-gc.com/",
    "hours": "",
    "status": "active",
    "source": "osm",
    "last_verified": "2025-08-27",
    "tags": [
      "addr:city",
      "addr:postcode",
      "addr:state",
      "addr:street",
      "addr:unit",
      "check_date",
      "check_date:currency:XBT",
      "craft",
      "currency:XBT",
      "description"
    ],
    "notes": ""
  }
]