{"generated_at":"2025-09-15T15:57:08.898Z","window_days":365,"items":[{"id":"rss_IEthemFraHN0YW4gcGlsb3RzIFVTRC1wZWdnZWQgc3RhYmxlY29pbiBwYXltZW50cyBmb3IgcmVndWxhdG9yeSBmZWVzIGh0dHBzOi8vY29pbnRlbGVncmFwaC5jb20vbmV3cy9rYXpha2hzdGFuLWFjY2VwdC1yZWd1bGF0b3I=_3","title":" Kazakhstan pilots USD-pegged stablecoin payments for regulatory fees ","url":"https://cointelegraph.com/news/kazakhstan-accept-regulatory-fees-usd-stablecoins?utm_source=rss_feed&utm_medium=rss_tag_payments&utm_campaign=rss_partner_inbound","publisher":"cointelegraph.com","published_at":"2025-09-05T13:54:42.000Z","summary":"\n                    Crypto exchange Bybit has become the first crypto exchange to debut stablecoin payments for regulatory fees in Kazakhstan’s AIFC.\n                    ","coins":["BTC"],"cities":[],"countries":[],"categories":[],"cluster_id":"auto_X19CVENfX2themFraH"},{"id":"rss_IFBheVBhbCBqdXN0IGVuYWJsZWQgY3J5cHRvIGZvciA2NTBNIHVzZXJzOiBIZXJl4oCZcyB3aGF0IHRoYXQgYWN0dWFsbHkgbWVhbnMgaHR0cHM6Ly9jb2ludGVsZWdyYXBoLmNvbS9leHBsYWluZWQvcGF5cGFsLWp1c3QtZW5hYg==_6","title":" PayPal just enabled crypto for 650M users: Here’s what that actually means ","url":"https://cointelegraph.com/explained/paypal-just-enabled-crypto-for-650m-users-heres-what-that-actually-means?utm_source=rss_feed&utm_medium=rss_tag_payments&utm_campaign=rss_partner_inbound","publisher":"cointelegraph.com","published_at":"2025-09-03T15:26:00.000Z","summary":"\n                    PayPal now supports crypto payments with 100+ coins and PYUSD. Here’s how it works for users and merchants in 2025.\n                    ","coins":["BTC"],"cities":[],"countries":[],"categories":[],"cluster_id":"auto_X19CVENfX3BheXBhbC"},{"id":"rss_IFNwYXIgcm9sbHMgb3V0IG5hdGlvbndpZGUgc3RhYmxlY29pbiBhbmQgY3J5cHRvIHBheW1lbnRzIGluIFN3aXR6ZXJsYW5kIGh0dHBzOi8vY29pbnRlbGVncmFwaC5jb20vbmV3cy9zcGFyLXN1cGVybWFya2V0LWNyeXB0by0=_13","title":" Spar rolls out nationwide stablecoin and crypto payments in Switzerland ","url":"https://cointelegraph.com/news/spar-supermarket-crypto-payments-300-switzerland-stores?utm_source=rss_feed&utm_medium=rss_tag_payments&utm_campaign=rss_partner_inbound","publisher":"cointelegraph.com","published_at":"2025-08-14T11:54:06.000Z","summary":"\n                    Spar will launch crypto and stablecoin payments across 300 Swiss supermarkets via Binance Pay and DFX.swiss, marking a retail first for the country.\n                    ","coins":["BTC"],"cities":[],"countries":[],"categories":["shop","grocery"],"cluster_id":"auto_X19CVENfX3NwYXIgcm"},{"id":"rss_IFJpcHBsZSB0byBidXkgc3RhYmxlY29pbiBwYXltZW50cyBwbGF0Zm9ybSBSYWlsIGZvciAkMjAwIG1pbGxpb24gaHR0cHM6Ly9jb2ludGVsZWdyYXBoLmNvbS9uZXdzL3JpcHBsZS10by1idXktc3RhYmxlY29pbi1wbGF0Zm8=_16","title":" Ripple to buy stablecoin payments platform Rail for $200 million ","url":"https://cointelegraph.com/news/ripple-to-buy-stablecoin-platform-rail-for-200-million?utm_source=rss_feed&utm_medium=rss_tag_payments&utm_campaign=rss_partner_inbound","publisher":"cointelegraph.com","published_at":"2025-08-07T14:22:22.000Z","summary":"\n                    Ripple has acquired Rail to offer stablecoin payment services, with plans to integrate RLUSD, banking partners and compliance tools across global markets.\n                    ","coins":["BTC"],"cities":[],"countries":[],"categories":["shop"],"cluster_id":"auto_X19CVENfX3JpcHBsZS"}]}
