{"generated_at":"2025-09-15T15:57:08.966Z","topics":[{"id":"auto_X19CVENfX2themFraH","title":" Kazakhstan pilots USD-pegged stablecoin payments for regulatory fees ","summary":"\n                    Crypto exchange Bybit has become the first crypto exchange to debut stablecoin payments for regulatory fees in Kazakhstan’s AIFC.\n                    ","coins":["BTC"],"cities":[],"categories":[],"articles":["rss_IEthemFraHN0YW4gcGlsb3RzIFVTRC1wZWdnZWQgc3RhYmxlY29pbiBwYXltZW50cyBmb3IgcmVndWxhdG9yeSBmZWVzIGh0dHBzOi8vY29pbnRlbGVncmFwaC5jb20vbmV3cy9rYXpha2hzdGFuLWFjY2VwdC1yZWd1bGF0b3I=_3"],"publisher_count":1,"first_seen":"2025-09-05T13:54:42.000Z","last_seen":"2025-09-05T13:54:42.000Z"},{"id":"auto_X19CVENfX3BheXBhbC","title":" PayPal just enabled crypto for 650M users: Here’s what that actually means ","summary":"\n                    PayPal now supports crypto payments with 100+ coins and PYUSD. Here’s how it works for users and merchants in 2025.\n                    ","coins":["BTC"],"cities":[],"categories":[],"articles":["rss_IFBheVBhbCBqdXN0IGVuYWJsZWQgY3J5cHRvIGZvciA2NTBNIHVzZXJzOiBIZXJl4oCZcyB3aGF0IHRoYXQgYWN0dWFsbHkgbWVhbnMgaHR0cHM6Ly9jb2ludGVsZWdyYXBoLmNvbS9leHBsYWluZWQvcGF5cGFsLWp1c3QtZW5hYg==_6"],"publisher_count":1,"first_seen":"2025-09-03T15:26:00.000Z","last_seen":"2025-09-03T15:26:00.000Z"},{"id":"auto_X19CVENfX3NwYXIgcm","title":" Spar rolls out nationwide stablecoin and crypto payments in Switzerland ","summary":"\n                    Spar will launch crypto and stablecoin payments across 300 Swiss supermarkets via Binance Pay and DFX.swiss, marking a retail first for the country.\n                    ","coins":["BTC"],"cities":[],"categories":["shop","grocery"],"articles":["rss_IFNwYXIgcm9sbHMgb3V0IG5hdGlvbndpZGUgc3RhYmxlY29pbiBhbmQgY3J5cHRvIHBheW1lbnRzIGluIFN3aXR6ZXJsYW5kIGh0dHBzOi8vY29pbnRlbGVncmFwaC5jb20vbmV3cy9zcGFyLXN1cGVybWFya2V0LWNyeXB0by0=_13"],"publisher_count":1,"first_seen":"2025-08-14T11:54:06.000Z","last_seen":"2025-08-14T11:54:06.000Z"},{"id":"auto_X19CVENfX3JpcHBsZS","title":" Ripple to buy stablecoin payments platform Rail for $200 million ","summary":"\n                    Ripple has acquired Rail to offer stablecoin payment services, with plans to integrate RLUSD, banking partners and compliance tools across global markets.\n                    ","coins":["BTC"],"cities":[],"categories":["shop"],"articles":["rss_IFJpcHBsZSB0byBidXkgc3RhYmxlY29pbiBwYXltZW50cyBwbGF0Zm9ybSBSYWlsIGZvciAkMjAwIG1pbGxpb24gaHR0cHM6Ly9jb2ludGVsZWdyYXBoLmNvbS9uZXdzL3JpcHBsZS10by1idXktc3RhYmxlY29pbi1wbGF0Zm8=_16"],"publisher_count":1,"first_seen":"2025-08-07T14:22:22.000Z","last_seen":"2025-08-07T14:22:22.000Z"}]}
