[{"id":"osm:node:3004009626","name":"Two Dogs Taproom","category":"pub","lat":35.6626331,"lng":139.7352113,"country":"JP","city":"Tokyo","coins":["BTC"],"address":"","website":"https://www.twodogs-tokyo.com/","hours":"","status":"active","source":"osm","last_verified":"2025-08-27","tags":["addr:housename","addr:housenumber","addr:postcode","amenity","check_date:currency:XBT","contact:phone","currency:XBT","internet_access","internet_access:fee","name"],"notes":""},{"id":"osm:node:6968529885","name":"ヨガ教室 Asakusa Yoga 浅草","category":"other","lat":35.7125546,"lng":139.7948219,"country":"JP","city":"Tokyo","coins":["BTC"],"address":"","website":"https://asakusa-yoga.com/","hours":"","status":"active","source":"osm","last_verified":"2025-08-27","tags":["addr:housenumber","addr:street","currency:XBT","email","leisure","name","name:en","opening_hours","payment:american_express","payment:cash"],"notes":""},{"id":"osm:node:6968557185","name":"ヨガ教室 Asakusa Yoga 蔵前","category":"other","lat":35.7060287,"lng":139.7900495,"country":"JP","city":"Tokyo","coins":["BTC"],"address":"","website":"https://asakusa-yoga.com","hours":"","status":"active","source":"osm","last_verified":"2025-08-27","tags":["addr:housenumber","addr:street","currency:XBT","email","leisure","name","name:en","opening_hours","payment:american_express","payment:cash"],"notes":""},{"id":"osm:node:10578838487","name":"CryptoBar P2P","category":"bar","lat":35.6713528,"lng":139.7640023,"country":"JP","city":"Tokyo","coins":["BTC"],"address":"","website":"https://cryptobarp2p.io","hours":"","status":"active","source":"osm","last_verified":"2025-08-27","tags":["addr:city","addr:neighbourhood","addr:postcode","addr:province","addr:quarter","addr:suburb","amenity","check_date:currency:XBT","currency:XBT","name"],"notes":""},{"id":"osm:node:10578841994","name":"表参道燻製堂","category":"restaurant","lat":35.7683237,"lng":139.8429103,"country":"JP","city":"Tokyo","coins":["BTC"],"address":"","website":"https://kunseido.com/","hours":"","status":"active","source":"osm","last_verified":"2025-08-27","tags":["addr:city","addr:neighbourhood","addr:postcode","addr:province","addr:quarter","amenity","check_date:currency:XBT","currency:XBT","name","opening_hours"],"notes":""},{"id":"osm:node:10587102168","name":"ビドゥイエ広尾","category":"clothes","lat":35.6500554,"lng":139.7221975,"country":"JP","city":"Tokyo","coins":["BTC"],"address":"","website":"https://www.bidouillez.jp","hours":"","status":"active","source":"osm","last_verified":"2025-08-27","tags":["addr:city","check_date:currency:XBT","currency:XBT","name","opening_hours","payment:lightning","payment:lightning_contactless","payment:onchain","phone","shop"],"notes":""},{"id":"osm:node:10587756680","name":"The Pink Cow","category":"restaurant","lat":35.6721034,"lng":139.7396987,"country":"JP","city":"Tokyo","coins":["BTC"],"address":"","website":"https://thepinkcow.com","hours":"","status":"active","source":"osm","last_verified":"2025-08-27","tags":["amenity","check_date","check_date:currency:XBT","cuisine","currency:XBT","name","payment:cash","payment:credit_cards","payment:lightning","payment:lightning_contactless"],"notes":""},{"id":"osm:node:10588516242","name":"COCOROTUS FOODTRUCK【アベマタワーよこ店】","category":"fast_food","lat":35.6624229,"lng":139.6956991,"country":"JP","city":"Tokyo","coins":["BTC"],"address":"","website":"https://cocorotus.com","hours":"","status":"active","source":"osm","last_verified":"2025-08-27","tags":["addr:city","addr:neighbourhood","addr:postcode","addr:province","addr:quarter","amenity","check_date:currency:XBT","contact:twitter","cuisine","currency:XBT"],"notes":""},{"id":"osm:node:11617779907","name":"メピカバリ（目光針院）恵比寿院","category":"other","lat":35.6492448,"lng":139.7077062,"country":"JP","city":"Tokyo","coins":["BTC"],"address":"","website":"https://mepica.net","hours":"","status":"active","source":"osm","last_verified":"2025-08-27","tags":["addr:block_number","addr:city","addr:housenumber","addr:neighbourhood","addr:province","check_date","currency:XBT","healthcare","healthcare:speciality","name"],"notes":""},{"id":"osm:node:11618074990","name":"自由が丘ライトニングマルシェ","category":"marketplace","lat":35.6091298,"lng":139.6695891,"country":"JP","city":"Tokyo","coins":["BTC"],"address":"","website":"https://btcln.shop/marche/","hours":"","status":"active","source":"osm","last_verified":"2025-08-27","tags":["amenity","building","currency:XBT","name","opening_hours","operator","payment:lightning","payment:lightning_contactless","payment:onchain","survey:date"],"notes":""},{"id":"osm:node:12035292348","name":"COCOROTUS FOODTRUCK【元赤坂店】","category":"fast_food","lat":35.6776279,"lng":139.7329057,"country":"JP","city":"Tokyo","coins":["BTC"],"address":"","website":"https://cocorotus.com","hours":"","status":"active","source":"osm","last_verified":"2025-08-27","tags":["addr:block_number","addr:city","addr:floor","addr:housename","addr:housenumber","addr:neighbourhood","addr:postcode","addr:province","amenity","check_date:currency:XBT"],"notes":""},{"id":"osm:node:12035307502","name":"ココロータス","category":"fast_food","lat":35.6608723,"lng":139.713337,"country":"JP","city":"Tokyo","coins":["BTC"],"address":"","website":"https://cocorotus.com","hours":"","status":"active","source":"osm","last_verified":"2025-08-27","tags":["addr:block_number","addr:city","addr:housenumber","addr:neighbourhood","addr:postcode","addr:province","amenity","branch","contact:twitter","cuisine"],"notes":""},{"id":"osm:node:12035489396","name":"COCOROTUS FOODTRUCK【青山小学校】","category":"fast_food","lat":35.6701161,"lng":139.7184945,"country":"JP","city":"Tokyo","coins":["BTC"],"address":"","website":"https://cocorotus.com","hours":"","status":"active","source":"osm","last_verified":"2025-08-27","tags":["addr:block_number","addr:city","addr:housenumber","addr:neighbourhood","addr:postcode","addr:province","addr:quarter","amenity","contact:twitter","cuisine"],"notes":""},{"id":"osm:node:12035497705","name":"COCOROTUS FOODTRUCK【北青山二丁目店】","category":"fast_food","lat":35.6714349,"lng":139.7157364,"country":"JP","city":"Tokyo","coins":["BTC"],"address":"","website":"https://cocorotus.com","hours":"","status":"active","source":"osm","last_verified":"2025-08-27","tags":["addr:block_number","addr:city","addr:housenumber","addr:neighbourhood","addr:postcode","addr:province","amenity","contact:twitter","cuisine","currency:XBT"],"notes":""},{"id":"osm:node:12035530325","name":"COCOROTUS FOODTRUCK【NPC九段南】","category":"fast_food","lat":35.6920638,"lng":139.740991,"country":"JP","city":"Tokyo","coins":["BTC"],"address":"","website":"https://cocorotus.com","hours":"","status":"active","source":"osm","last_verified":"2025-08-27","tags":["addr:block_number","addr:city","addr:housenumber","addr:neighbourhood","addr:postcode","addr:province","addr:quarter","amenity","contact:twitter","cuisine"],"notes":""},{"id":"osm:node:12035542961","name":"COCOROTUS FOODTRUCK【キネティックアーツ渋谷】","category":"fast_food","lat":35.6559524,"lng":139.7049089,"country":"JP","city":"Tokyo","coins":["BTC"],"address":"","website":"https://cocorotus.com","hours":"","status":"active","source":"osm","last_verified":"2025-08-27","tags":["addr:block_number","addr:city","addr:floor","addr:housename","addr:housenumber","addr:neighbourhood","addr:postcode","addr:province","amenity","contact:twitter"],"notes":""},{"id":"osm:node:12035549952","name":"COCOROTUS FOODTRUCK【六本木】","category":"fast_food","lat":35.6595639,"lng":139.7322913,"country":"JP","city":"Tokyo","coins":["BTC"],"address":"","website":"https://cocorotus.com","hours":"","status":"active","source":"osm","last_verified":"2025-08-27","tags":["addr:block_number","addr:city","addr:housenumber","addr:neighbourhood","addr:postcode","addr:province","amenity","contact:twitter","cuisine","currency:XBT"],"notes":""},{"id":"osm:node:12042721366","name":"COCOROTUS FOODTRUCK【USEN店】","category":"fast_food","lat":35.654859,"lng":139.6928787,"country":"JP","city":"Tokyo","coins":["BTC"],"address":"","website":"https://cocorotus.com/map","hours":"","status":"active","source":"osm","last_verified":"2025-08-27","tags":["addr:block_number","addr:city","addr:housename","addr:housenumber","addr:neighbourhood","addr:postcode","addr:province","amenity","cuisine","currency:XBT"],"notes":""},{"id":"osm:node:12042727109","name":"COCOROTUS FOODTRUCK","category":"fast_food","lat":35.6405596,"lng":139.7412773,"country":"JP","city":"Tokyo","coins":["BTC"],"address":"","website":"https://cocorotus.com/map","hours":"","status":"active","source":"osm","last_verified":"2025-08-27","tags":["addr:block_number","addr:city","addr:housenumber","addr:neighbourhood","addr:postcode","addr:province","amenity","branch","cuisine","currency:XBT"],"notes":""},{"id":"osm:node:12042728717","name":"COCOROTUS FOODTRUCK【全共連ビル麹町館店】","category":"fast_food","lat":35.6834278,"lng":139.7391817,"country":"JP","city":"Tokyo","coins":["BTC"],"address":"","website":"https://cocorotus.com/map","hours":"","status":"active","source":"osm","last_verified":"2025-08-27","tags":["amenity","cuisine","currency:XBT","name","opening_hours","payment:cash","payment:lightning","payment:lightning_contactless","payment:onchain","payment:paypay"],"notes":""},{"id":"osm:node:12042759194","name":"COCOROTUS FOODTRUCK【芝店】","category":"fast_food","lat":35.6517002,"lng":139.746685,"country":"JP","city":"Tokyo","coins":["BTC"],"address":"","website":"https://cocorotus.com/map","hours":"","status":"active","source":"osm","last_verified":"2025-08-27","tags":["addr:block_number","addr:city","addr:housenumber","addr:neighbourhood","addr:postcode","addr:province","addr:quarter","amenity","cuisine","currency:XBT"],"notes":""},{"id":"osm:node:12042761104","name":"COCOROTUS FOODTRUCK","category":"fast_food","lat":35.6845914,"lng":139.7433332,"country":"JP","city":"Tokyo","coins":["BTC"],"address":"","website":"https://cocorotus.com/map","hours":"","status":"active","source":"osm","last_verified":"2025-08-27","tags":["addr:block_number","addr:city","addr:neighbourhood","addr:postcode","addr:province","amenity","branch","cuisine","currency:XBT","name"],"notes":""},{"id":"osm:node:12042778966","name":"COCOROTUS FOODTRUCK","category":"fast_food","lat":35.6660125,"lng":139.7040305,"country":"JP","city":"Tokyo","coins":["BTC"],"address":"","website":"https://cocorotus.com/map","hours":"","status":"active","source":"osm","last_verified":"2025-08-27","tags":["addr:block_number","addr:city","addr:housenumber","addr:neighbourhood","addr:postcode","addr:province","amenity","branch","cuisine","currency:XBT"],"notes":""},{"id":"osm:node:12042878655","name":"COCOROTUS FOODTRUCK【虎ノ門】","category":"fast_food","lat":35.6658447,"lng":139.7480397,"country":"JP","city":"Tokyo","coins":["BTC"],"address":"","website":"https://cocorotus.com/map","hours":"","status":"active","source":"osm","last_verified":"2025-08-27","tags":["addr:block_number","addr:city","addr:housenumber","addr:neighbourhood","addr:postcode","addr:province","addr:quarter","amenity","cuisine","currency:XBT"],"notes":""},{"id":"osm:node:12042878656","name":"COCOROTUS FOODTRUCK【神泉】","category":"fast_food","lat":35.6569002,"lng":139.6943274,"country":"JP","city":"Tokyo","coins":["BTC"],"address":"","website":"https://cocorotus.com/map","hours":"","status":"active","source":"osm","last_verified":"2025-08-27","tags":["addr:block_number","addr:city","addr:housenumber","addr:neighbourhood","addr:postcode","addr:province","amenity","cuisine","currency:XBT","name"],"notes":""},{"id":"osm:node:12042891967","name":"COCOROTUS FOODTRUCK【虎ノ門琴平タワー店】","category":"fast_food","lat":35.6698489,"lng":139.7480655,"country":"JP","city":"Tokyo","coins":["BTC"],"address":"","website":"https://cocorotus.com/map","hours":"","status":"active","source":"osm","last_verified":"2025-08-27","tags":["addr:block_number","addr:city","addr:housenumber","addr:neighbourhood","addr:postcode","addr:province","addr:quarter","amenity","cuisine","currency:XBT"],"notes":""},{"id":"osm:node:12042922193","name":"COCOROTUS FOODTRUCK","category":"fast_food","lat":35.6737618,"lng":139.7067037,"country":"JP","city":"Tokyo","coins":["BTC"],"address":"","website":"https://cocorotus.com/map","hours":"","status":"active","source":"osm","last_verified":"2025-08-27","tags":["addr:block_number","addr:city","addr:housenumber","addr:neighbourhood","addr:postcode","addr:province","amenity","branch","cuisine","currency:XBT"],"notes":""},{"id":"osm:node:12042935482","name":"COCOROTUS FOODTRUCK【溜池山王店】","category":"fast_food","lat":35.6719997,"lng":139.7393153,"country":"JP","city":"Tokyo","coins":["BTC"],"address":"","website":"https://cocorotus.com/map","hours":"","status":"active","source":"osm","last_verified":"2025-08-27","tags":["addr:block_number","addr:city","addr:housenumber","addr:neighbourhood","addr:postcode","addr:province","addr:quarter","amenity","cuisine","currency:XBT"],"notes":""},{"id":"osm:node:12042946250","name":"COCOROTUS FOODTRUCK【成蹊大学店】※一般不可","category":"fast_food","lat":35.7114406,"lng":139.5727023,"country":"JP","city":"Tokyo","coins":["BTC"],"address":"","website":"https://cocorotus.com/map","hours":"","status":"active","source":"osm","last_verified":"2025-08-27","tags":["addr:block_number","addr:city","addr:housenumber","addr:neighbourhood","addr:postcode","addr:province","addr:quarter","amenity","cuisine","currency:XBT"],"notes":""},{"id":"osm:node:12042959224","name":"COCOROTUS FOODTRUCK【渋谷ファッション＆専門学校店】","category":"fast_food","lat":35.6638195,"lng":139.7037739,"country":"JP","city":"Tokyo","coins":["BTC"],"address":"","website":"https://cocorotus.com/map","hours":"","status":"active","source":"osm","last_verified":"2025-08-27","tags":["addr:block_number","addr:city","addr:housenumber","addr:neighbourhood","addr:postcode","addr:province","addr:quarter","amenity","cuisine","currency:XBT"],"notes":""},{"id":"osm:node:12042960401","name":"COCOROTUS FOODTRUCK【麹町店】","category":"fast_food","lat":35.6834978,"lng":139.7392786,"country":"JP","city":"Tokyo","coins":["BTC"],"address":"","website":"https://cocorotus.com/map","hours":"","status":"active","source":"osm","last_verified":"2025-08-27","tags":["addr:block_number","addr:city","addr:housenumber","addr:neighbourhood","addr:postcode","addr:province","addr:quarter","amenity","cuisine","currency:XBT"],"notes":""},{"id":"osm:node:12042999697","name":"COCOROTUS FOODTRUCK【日本橋長崎館店】","category":"fast_food","lat":35.6827327,"lng":139.772891,"country":"JP","city":"Tokyo","coins":["BTC"],"address":"","website":"https://cocorotus.com/map","hours":"","status":"active","source":"osm","last_verified":"2025-08-27","tags":["addr:block_number","addr:city","addr:housenumber","addr:neighbourhood","addr:postcode","addr:province","addr:quarter","amenity","cuisine","currency:XBT"],"notes":""},{"id":"osm:node:12043010287","name":"COCOROTUS FOODTRUCK【ユーザーベース店】※一般不可","category":"fast_food","lat":35.6798365,"lng":139.7637066,"country":"JP","city":"Tokyo","coins":["BTC"],"address":"","website":"https://cocorotus.com/map","hours":"","status":"active","source":"osm","last_verified":"2025-08-27","tags":["addr:block_number","addr:city","addr:housenumber","addr:neighbourhood","addr:postcode","addr:province","addr:quarter","amenity","cuisine","currency:XBT"],"notes":""},{"id":"osm:node:12043012226","name":"COCOROTUS FOODTRUCK【慶應義塾大学病院店】※一般不可","category":"fast_food","lat":35.6823202,"lng":139.7183932,"country":"JP","city":"Tokyo","coins":["BTC"],"address":"","website":"https://cocorotus.com/map","hours":"","status":"active","source":"osm","last_verified":"2025-08-27","tags":["addr:block_number","addr:city","addr:neighbourhood","addr:postcode","addr:province","addr:quarter","amenity","cuisine","currency:XBT","drive_through"],"notes":""},{"id":"osm:node:12149344452","name":"メピカバリ渋谷院 Acupuncture MEPICA","category":"other","lat":35.6625786,"lng":139.7007059,"country":"JP","city":"Tokyo","coins":["BTC"],"address":"","website":"https://mepica.net","hours":"","status":"active","source":"osm","last_verified":"2025-08-27","tags":["addr:block_number","addr:city","addr:housenumber","addr:neighbourhood","addr:province","addr:suburb","currency:XBT","healthcare","healthcare:speciality","name"],"notes":""},{"id":"osm:node:12199965389","name":"ギャラリー上田 / Gallery Ueda","category":"other","lat":35.6686511,"lng":139.7618558,"country":"JP","city":"Tokyo","coins":["BTC"],"address":"","website":"https://www.gallery-ueda.com/","hours":"","status":"active","source":"osm","last_verified":"2025-08-27","tags":["check_date","contact:instagram","contact:twitter","currency:XBT","name","opening_hours","payment:lightning","payment:lightning_contactless","payment:onchain","phone"],"notes":""},{"id":"osm:node:12259937936","name":"Umeboshi Sour Speciality Shop Ebisu","category":"bar","lat":35.6461605,"lng":139.7134956,"country":"JP","city":"Tokyo","coins":["BTC"],"address":"","website":"https://www.instagram.com/ume_sour_ebisu","hours":"","status":"active","source":"osm","last_verified":"2025-08-27","tags":["addr:block_number","addr:housenumber","addr:neighbourhood","addr:postcode","addr:province","addr:quarter","addr:suburb","amenity","name","name:ja"],"notes":""},{"id":"osm:node:12355343683","name":"Shisha Bar & Cafe Iwashiclub","category":"cafe","lat":35.7013964,"lng":139.7525421,"country":"JP","city":"Tokyo","coins":["BTC"],"address":"","website":"","hours":"","status":"active","source":"osm","last_verified":"2025-08-27","tags":["amenity","check_date","contact:instagram","currency:XBT","name","opening_hours","payment:lightning","payment:lightning_contactless","payment:onchain","phone"],"notes":""},{"id":"osm:node:12599810937","name":"Tokyo Bitcoin Base","category":"other","lat":35.6889533,"lng":139.7286142,"country":"JP","city":"Tokyo","coins":["BTC"],"address":"","website":"https://tokyobitcoin.space/","hours":"","status":"active","source":"osm","last_verified":"2025-08-27","tags":["check_date:currency:XBT","contact:twitter","currency:XBT","name","office","payment:lightning","payment:onchain","website"],"notes":""},{"id":"osm:way:143364157","name":"焼肉 誇味山","category":"restaurant","lat":35.6616475,"lng":139.7227216,"country":"JP","city":"Tokyo","coins":["BTC"],"address":"","website":"https://komiyama-nishiazabu.tokyo/","hours":"","status":"active","source":"osm","last_verified":"2025-08-27","tags":["addr:block_number","addr:city","addr:housenumber","addr:postcode","addr:province","addr:quarter","amenity","building","check_date","contact:instagram"],"notes":""}]
