[
  {
    "id": "osm:node:26040005",
    "name": "The Limping Fox",
    "category": "pub",
    "lat": 51.3860498,
    "lng": -0.3238196,
    "country": "GB",
    "city": "London",
    "coins": [
      "BTC"
    ],
    "address": "",
    "website": "https://www.thelimpingfox.co.uk/",
    "hours": "",
    "status": "active",
    "source": "osm",
    "last_verified": "2025-08-27",
    "tags": [
      "addr:city",
      "addr:housenumber",
      "addr:postcode",
      "addr:street",
      "amenity",
      "check_date",
      "check_date:currency:XBT",
      "cuisine",
      "currency:GBP",
      "currency:XBT"
    ],
    "notes": ""
  },
  {
    "id": "osm:node:307828475",
    "name": "Thomas Exchange UK",
    "category": "bureau_de_change",
    "lat": 51.5298351,
    "lng": -0.1238524,
    "country": "GB",
    "city": "London",
    "coins": [
      "BTC"
    ],
    "address": "",
    "website": "",
    "hours": "",
    "status": "active",
    "source": "osm",
    "last_verified": "2025-08-27",
    "tags": [
      "addr:housenumber",
      "addr:street",
      "amenity",
      "name",
      "payment:lightning"
    ],
    "notes": ""
  },
  {
    "id": "osm:node:441205302",
    "name": "Hennessy's",
    "category": "butcher",
    "lat": 51.4579388,
    "lng": -0.1661051,
    "country": "GB",
    "city": "London",
    "coins": [
      "BTC"
    ],
    "address": "",
    "website": "",
    "hours": "",
    "status": "active",
    "source": "osm",
    "last_verified": "2025-08-27",
    "tags": [
      "addr:city",
      "addr:country",
      "addr:housenumber",
      "addr:postcode",
      "addr:street",
      "check_date",
      "check_date:currency:XBT",
      "currency:XBT",
      "fhrs:id",
      "name"
    ],
    "notes": ""
  },
  {
    "id": "osm:node:554974745",
    "name": "Costa",
    "category": "cafe",
    "lat": 51.52996,
    "lng": -0.1244199,
    "country": "GB",
    "city": "London",
    "coins": [
      "BTC"
    ],
    "address": "",
    "website": "",
    "hours": "",
    "status": "active",
    "source": "osm",
    "last_verified": "2025-08-27",
    "tags": [
      "amenity",
      "brand",
      "brand:wikidata",
      "brand:wikipedia",
      "check_date",
      "cuisine",
      "name",
      "opening_hours",
      "payment:lightning",
      "takeaway"
    ],
    "notes": ""
  },
  {
    "id": "osm:node:1271588141",
    "name": "The Bike Shop",
    "category": "bicycle",
    "lat": 51.657308,
    "lng": -0.3929281,
    "country": "GB",
    "city": "London",
    "coins": [
      "BTC"
    ],
    "address": "",
    "website": "http://www.thebikeshopwatford.com/",
    "hours": "",
    "status": "active",
    "source": "osm",
    "last_verified": "2025-08-27",
    "tags": [
      "addr:city",
      "addr:housenumber",
      "addr:postcode",
      "addr:street",
      "check_date",
      "currency:GBP",
      "currency:XBT",
      "description",
      "name",
      "old_name"
    ],
    "notes": ""
  },
  {
    "id": "osm:node:1290610513",
    "name": "West Harrow Garage",
    "category": "car_repair",
    "lat": 51.5814946,
    "lng": -0.3545195,
    "country": "GB",
    "city": "London",
    "coins": [
      "BTC"
    ],
    "address": "",
    "website": "https://www.westharrowgarage.com/",
    "hours": "",
    "status": "active",
    "source": "osm",
    "last_verified": "2025-08-27",
    "tags": [
      "addr:city",
      "addr:postcode",
      "addr:street",
      "check_date",
      "currency:XBT",
      "email",
      "level",
      "name",
      "opening_hours",
      "payment:lightning"
    ],
    "notes": ""
  },
  {
    "id": "osm:node:3072882300",
    "name": "CUT IT OUT Wall Stickers",
    "category": "other",
    "lat": 51.5431205,
    "lng": -0.0655637,
    "country": "GB",
    "city": "London",
    "coins": [
      "BTC"
    ],
    "address": "",
    "website": "https://www.cutitoutwallstickers.co.uk/",
    "hours": "",
    "status": "active",
    "source": "osm",
    "last_verified": "2025-08-27",
    "tags": [
      "addr:city",
      "addr:country",
      "addr:housenumber",
      "addr:postcode",
      "addr:street",
      "check_date",
      "contact:facebook",
      "currency:XBT",
      "name",
      "office"
    ],
    "notes": ""
  },
  {
    "id": "osm:node:3090725390",
    "name": "Pintus",
    "category": "cafe",
    "lat": 51.4558379,
    "lng": -0.1652889,
    "country": "GB",
    "city": "London",
    "coins": [
      "BTC"
    ],
    "address": "",
    "website": "https://www.pintusdeli.co.uk/",
    "hours": "",
    "status": "active",
    "source": "osm",
    "last_verified": "2025-08-27",
    "tags": [
      "addr:city",
      "addr:housenumber",
      "addr:postcode",
      "addr:street",
      "amenity",
      "check_date:currency:XBT",
      "contact:email",
      "contact:facebook",
      "contact:instagram",
      "currency:XBT"
    ],
    "notes": ""
  },
  {
    "id": "osm:node:3147324128",
    "name": "McCann Bespoke",
    "category": "clothes",
    "lat": 51.5121061,
    "lng": -0.08269,
    "country": "GB",
    "city": "London",
    "coins": [
      "BTC"
    ],
    "address": "",
    "website": "https://mccannbespoke.co.uk/",
    "hours": "",
    "status": "active",
    "source": "osm",
    "last_verified": "2025-08-27",
    "tags": [
      "addr:city",
      "addr:housenumber",
      "addr:postcode",
      "addr:street",
      "check_date",
      "check_date:currency:XBT",
      "clothes",
      "contact:instagram",
      "currency:GBP",
      "currency:XBT"
    ],
    "notes": ""
  },
  {
    "id": "osm:node:4379042414",
    "name": "Focus Plant",
    "category": "tool_hire",
    "lat": 51.4251073,
    "lng": -0.0834934,
    "country": "GB",
    "city": "London",
    "coins": [
      "BTC"
    ],
    "address": "",
    "website": "https://www.focusplant.uk/",
    "hours": "",
    "status": "active",
    "source": "osm",
    "last_verified": "2025-08-27",
    "tags": [
      "addr:city",
      "addr:housenumber",
      "addr:postcode",
      "addr:street",
      "currency:GBP",
      "currency:XBT",
      "email",
      "name",
      "opening_hours",
      "payment:cash"
    ],
    "notes": ""
  },
  {
    "id": "osm:node:4601420592",
    "name": "Blacks Club",
    "category": "other",
    "lat": 51.5132863,
    "lng": -0.1323897,
    "country": "GB",
    "city": "London",
    "coins": [
      "BTC"
    ],
    "address": "",
    "website": "",
    "hours": "",
    "status": "active",
    "source": "osm",
    "last_verified": "2025-08-27",
    "tags": [
      "addr:city",
      "addr:housenumber",
      "addr:postcode",
      "addr:street",
      "club",
      "currency:GBP",
      "currency:XBT",
      "description",
      "email",
      "name"
    ],
    "notes": ""
  },
  {
    "id": "osm:node:4654216341",
    "name": "207 Barbers",
    "category": "hairdresser",
    "lat": 51.6083119,
    "lng": 0.1073806,
    "country": "GB",
    "city": "London",
    "coins": [
      "BTC"
    ],
    "address": "",
    "website": "",
    "hours": "",
    "status": "active",
    "source": "osm",
    "last_verified": "2025-08-27",
    "tags": [
      "access",
      "addr:city",
      "addr:housenumber",
      "addr:postcode",
      "addr:street",
      "check_date",
      "check_date:currency:XBT",
      "contact:instagram",
      "currency:XBT",
      "entrance"
    ],
    "notes": ""
  },
  {
    "id": "osm:node:8608616078",
    "name": "Boom Bap Burger",
    "category": "fast_food",
    "lat": 51.4288903,
    "lng": -0.165889,
    "country": "GB",
    "city": "London",
    "coins": [
      "BTC"
    ],
    "address": "",
    "website": "https://boombapburger.com/tooting-mkt/",
    "hours": "",
    "status": "active",
    "source": "osm",
    "last_verified": "2025-08-27",
    "tags": [
      "addr:city",
      "addr:street",
      "amenity",
      "bar",
      "check_date",
      "check_date:currency:XBT",
      "cuisine",
      "currency:GBP",
      "currency:XBT",
      "description"
    ],
    "notes": ""
  },
  {
    "id": "osm:node:8747613202",
    "name": "Love Art",
    "category": "art",
    "lat": 51.4288209,
    "lng": -0.16583,
    "country": "GB",
    "city": "London",
    "coins": [
      "BTC"
    ],
    "address": "",
    "website": "https://www.loveartclasses.com/",
    "hours": "",
    "status": "active",
    "source": "osm",
    "last_verified": "2025-08-27",
    "tags": [
      "addr:city",
      "addr:housename",
      "addr:housenumber",
      "addr:postcode",
      "addr:street",
      "addr:suburb",
      "addr:unit",
      "currency:GBP",
      "currency:XBT",
      "description"
    ],
    "notes": ""
  },
  {
    "id": "osm:node:8747645823",
    "name": "Dr Vinyl",
    "category": "music",
    "lat": 51.4289394,
    "lng": -0.16638,
    "country": "GB",
    "city": "London",
    "coins": [
      "BTC"
    ],
    "address": "",
    "website": "",
    "hours": "",
    "status": "active",
    "source": "osm",
    "last_verified": "2025-08-27",
    "tags": [
      "addr:unit",
      "currency:XBT",
      "name",
      "payment:lightning",
      "payment:lightning_contactless",
      "shop",
      "survey:date"
    ],
    "notes": ""
  },
  {
    "id": "osm:node:8747645827",
    "name": "The Candy Cane Lounge / Dr Vinyl",
    "category": "confectionery",
    "lat": 51.4291549,
    "lng": -0.1653873,
    "country": "GB",
    "city": "London",
    "coins": [
      "BTC"
    ],
    "address": "",
    "website": "",
    "hours": "",
    "status": "active",
    "source": "osm",
    "last_verified": "2025-08-27",
    "tags": [
      "addr:city",
      "addr:street",
      "currency:GBP",
      "currency:XBT",
      "name",
      "payment:lightning",
      "payment:lightning_contactless",
      "payment:onchain",
      "shop",
      "survey:date"
    ],
    "notes": ""
  },
  {
    "id": "osm:node:8747645828",
    "name": "Get Juiced!",
    "category": "fast_food",
    "lat": 51.4288307,
    "lng": -0.1659599,
    "country": "GB",
    "city": "London",
    "coins": [
      "BTC"
    ],
    "address": "",
    "website": "https://tootingmarket.com/market_traders/get-juiced/",
    "hours": "",
    "status": "active",
    "source": "osm",
    "last_verified": "2025-08-27",
    "tags": [
      "addr:unit",
      "amenity",
      "check_date",
      "cuisine",
      "currency:GBP",
      "currency:XBT",
      "description",
      "level",
      "name",
      "opening_hours"
    ],
    "notes": ""
  },
  {
    "id": "osm:node:8805719003",
    "name": "Forevermore Tattoo",
    "category": "tattoo",
    "lat": 51.5039365,
    "lng": -0.2431078,
    "country": "GB",
    "city": "London",
    "coins": [
      "BTC"
    ],
    "address": "",
    "website": "https://www.forevermoretattoo.uk/",
    "hours": "",
    "status": "active",
    "source": "osm",
    "last_verified": "2025-08-27",
    "tags": [
      "addr:city",
      "addr:housenumber",
      "addr:postcode",
      "addr:street",
      "currency:GBP",
      "currency:XBT",
      "description",
      "name",
      "payment:lightning",
      "payment:lightning_contactless"
    ],
    "notes": ""
  },
  {
    "id": "osm:node:9087933559",
    "name": "Wolfy's",
    "category": "cafe",
    "lat": 51.4904329,
    "lng": -0.0388235,
    "country": "GB",
    "city": "London",
    "coins": [
      "BTC"
    ],
    "address": "",
    "website": "https://www.wolfysbar.com/",
    "hours": "",
    "status": "active",
    "source": "osm",
    "last_verified": "2025-08-27",
    "tags": [
      "addr:city",
      "addr:housename",
      "addr:postcode",
      "addr:street",
      "addr:unit",
      "amenity",
      "check_date:currency:XBT",
      "cuisine",
      "currency:GBP",
      "currency:XBT"
    ],
    "notes": ""
  },
  {
    "id": "osm:node:9087933560",
    "name": "Blue Mango Salon",
    "category": "beauty",
    "lat": 51.4903309,
    "lng": -0.038741,
    "country": "GB",
    "city": "London",
    "coins": [
      "BTC"
    ],
    "address": "",
    "website": "https://www.bluemangosalon.com/",
    "hours": "",
    "status": "active",
    "source": "osm",
    "last_verified": "2025-08-27",
    "tags": [
      "addr:city",
      "addr:housename",
      "addr:postcode",
      "addr:street",
      "addr:unit",
      "currency:GBP",
      "currency:XBT",
      "name",
      "payment:lightning",
      "payment:lightning_contactless"
    ],
    "notes": ""
  },
  {
    "id": "osm:node:10090592084",
    "name": "Hair Design Co",
    "category": "hairdresser",
    "lat": 51.5506106,
    "lng": 0.1978284,
    "country": "GB",
    "city": "London",
    "coins": [
      "BTC"
    ],
    "address": "",
    "website": "",
    "hours": "",
    "status": "active",
    "source": "osm",
    "last_verified": "2025-08-27",
    "tags": [
      "addr:city",
      "addr:housenumber",
      "addr:postcode",
      "addr:street",
      "addr:unit",
      "check_date",
      "contact:email",
      "contact:phone",
      "contact:website",
      "currency:XBT"
    ],
    "notes": ""
  },
  {
    "id": "osm:node:10094817176",
    "name": "Calm Indian Cow",
    "category": "restaurant",
    "lat": 51.5248855,
    "lng": -0.0843074,
    "country": "GB",
    "city": "London",
    "coins": [
      "BTC"
    ],
    "address": "",
    "website": "",
    "hours": "",
    "status": "active",
    "source": "osm",
    "last_verified": "2025-08-27",
    "tags": [
      "addr:city",
      "addr:housename",
      "addr:housenumber",
      "addr:postcode",
      "addr:street",
      "amenity",
      "check_date:currency:XBT",
      "contact:instagram",
      "contact:twitter",
      "cuisine"
    ],
    "notes": ""
  },
  {
    "id": "osm:node:10197861918",
    "name": "Ellie Yoki",
    "category": "other",
    "lat": 51.2920818,
    "lng": -0.4210544,
    "country": "GB",
    "city": "London",
    "coins": [
      "BTC"
    ],
    "address": "",
    "website": "https://ellieyoki.co.uk/",
    "hours": "",
    "status": "active",
    "source": "osm",
    "last_verified": "2025-08-27",
    "tags": [
      "addr:city",
      "addr:housename",
      "addr:housenumber",
      "addr:postcode",
      "addr:street",
      "check_date:currency:XBT",
      "currency:XBT",
      "leisure",
      "name",
      "payment:lightning"
    ],
    "notes": ""
  },
  {
    "id": "osm:node:10198162251",
    "name": "Dom's Decorating",
    "category": "other",
    "lat": 51.2921193,
    "lng": -0.4209898,
    "country": "GB",
    "city": "London",
    "coins": [
      "BTC"
    ],
    "address": "",
    "website": "https://www.domsdecorating.co.uk",
    "hours": "",
    "status": "active",
    "source": "osm",
    "last_verified": "2025-08-27",
    "tags": [
      "addr:city",
      "addr:housenumber",
      "addr:postcode",
      "addr:street",
      "check_date",
      "craft",
      "currency:XBT",
      "name",
      "payment:lightning",
      "payment:lightning_contactless"
    ],
    "notes": ""
  },
  {
    "id": "osm:node:10216808268",
    "name": "EC Cycling Coach and Personal Trainer",
    "category": "other",
    "lat": 51.4663702,
    "lng": -0.2854093,
    "country": "GB",
    "city": "London",
    "coins": [
      "BTC"
    ],
    "address": "",
    "website": "",
    "hours": "",
    "status": "active",
    "source": "osm",
    "last_verified": "2025-08-27",
    "tags": [
      "addr:city",
      "addr:housename",
      "addr:postcode",
      "addr:street",
      "check_date",
      "check_date:currency:XBT",
      "club",
      "currency:GBP",
      "currency:XBT",
      "description"
    ],
    "notes": ""
  },
  {
    "id": "osm:node:10308608587",
    "name": "Antonio Delicatessen",
    "category": "deli",
    "lat": 51.4617264,
    "lng": -0.0095697,
    "country": "GB",
    "city": "London",
    "coins": [
      "BTC"
    ],
    "address": "",
    "website": "https://www.antoniodelicatessen.co.uk",
    "hours": "",
    "status": "active",
    "source": "osm",
    "last_verified": "2025-08-27",
    "tags": [
      "addr:city",
      "addr:housenumber",
      "addr:postcode",
      "addr:street",
      "addr:suburb",
      "check_date",
      "check_date:currency:XBT",
      "contact:website",
      "currency:XBT",
      "email"
    ],
    "notes": ""
  },
  {
    "id": "osm:node:10433884691",
    "name": "Rodega Music",
    "category": "studio",
    "lat": 51.4615078,
    "lng": -0.0091505,
    "country": "GB",
    "city": "London",
    "coins": [
      "BTC"
    ],
    "address": "",
    "website": "https://www.rodegamusic.com/",
    "hours": "",
    "status": "active",
    "source": "osm",
    "last_verified": "2025-08-27",
    "tags": [
      "addr:city",
      "addr:housenumber",
      "addr:postcode",
      "addr:street",
      "amenity",
      "check_date:currency:XBT",
      "currency:XBT",
      "email",
      "name",
      "payment:lightning"
    ],
    "notes": ""
  },
  {
    "id": "osm:node:10597216193",
    "name": "Coirmedia UK | Coir Products in UK",
    "category": "other",
    "lat": 51.518483,
    "lng": -0.1423784,
    "country": "GB",
    "city": "London",
    "coins": [
      "BTC"
    ],
    "address": "",
    "website": "https://coirmedia.com/united-kingdom/",
    "hours": "",
    "status": "active",
    "source": "osm",
    "last_verified": "2025-08-27",
    "tags": [
      "addr:city",
      "addr:housenumber",
      "addr:postcode",
      "addr:street",
      "check_date",
      "currency:XBT",
      "email",
      "name",
      "office",
      "payment:lightning"
    ],
    "notes": ""
  },
  {
    "id": "osm:node:10787110839",
    "name": "Blokpoint",
    "category": "other",
    "lat": 51.5256046,
    "lng": -0.0836989,
    "country": "GB",
    "city": "London",
    "coins": [
      "BTC"
    ],
    "address": "",
    "website": "https://blokpoint.com/",
    "hours": "",
    "status": "active",
    "source": "osm",
    "last_verified": "2025-08-27",
    "tags": [
      "addr:city",
      "addr:housename",
      "addr:housenumber",
      "addr:postcode",
      "addr:street",
      "check_date:currency:XBT",
      "currency:GBP",
      "currency:XBT",
      "description",
      "name"
    ],
    "notes": ""
  },
  {
    "id": "osm:node:10906045926",
    "name": "Kelmscott Home Improvement Ltd",
    "category": "other",
    "lat": 51.4451108,
    "lng": -0.1425117,
    "country": "GB",
    "city": "London",
    "coins": [
      "BTC"
    ],
    "address": "",
    "website": "https://khil.co.uk",
    "hours": "",
    "status": "active",
    "source": "osm",
    "last_verified": "2025-08-27",
    "tags": [
      "addr:housename",
      "addr:housenumber",
      "addr:street",
      "check_date",
      "contact:twitter",
      "currency:XBT",
      "email",
      "name",
      "office",
      "opening_hours"
    ],
    "notes": ""
  },
  {
    "id": "osm:node:10907899933",
    "name": "Calm Indian Cow",
    "category": "restaurant",
    "lat": 51.5374147,
    "lng": -0.0611517,
    "country": "GB",
    "city": "London",
    "coins": [
      "BTC"
    ],
    "address": "",
    "website": "",
    "hours": "",
    "status": "active",
    "source": "osm",
    "last_verified": "2025-08-27",
    "tags": [
      "addr:city",
      "addr:housename",
      "addr:housenumber",
      "addr:postcode",
      "addr:street",
      "amenity",
      "check_date",
      "check_date:currency:XBT",
      "contact:instagram",
      "contact:twitter"
    ],
    "notes": ""
  },
  {
    "id": "osm:node:11082781227",
    "name": "The Steam Room",
    "category": "dry_cleaning",
    "lat": 51.5356563,
    "lng": -0.0767385,
    "country": "GB",
    "city": "London",
    "coins": [
      "BTC"
    ],
    "address": "",
    "website": "https://www.thesteamroom.cleaning/our-story",
    "hours": "",
    "status": "active",
    "source": "osm",
    "last_verified": "2025-08-27",
    "tags": [
      "addr:city",
      "addr:housenumber",
      "addr:postcode",
      "addr:street",
      "currency:GBP",
      "currency:XBT",
      "description",
      "name",
      "payment:lightning",
      "payment:lightning_contactless"
    ],
    "notes": ""
  },
  {
    "id": "osm:node:11099356960",
    "name": "Maida Smiles",
    "category": "dentist",
    "lat": 51.527909,
    "lng": -0.1819499,
    "country": "GB",
    "city": "London",
    "coins": [
      "BTC"
    ],
    "address": "",
    "website": "https://maidasmiles.co.uk/",
    "hours": "",
    "status": "active",
    "source": "osm",
    "last_verified": "2025-08-27",
    "tags": [
      "addr:housenumber",
      "addr:street",
      "amenity",
      "check_date",
      "check_date:currency:XBT",
      "currency:GBP",
      "currency:XBT",
      "description",
      "healthcare",
      "name"
    ],
    "notes": ""
  },
  {
    "id": "osm:node:11099362144",
    "name": "Kapucin",
    "category": "cafe",
    "lat": 51.4579128,
    "lng": -0.3048944,
    "country": "GB",
    "city": "London",
    "coins": [
      "BTC"
    ],
    "address": "",
    "website": "https://www.kapucin.co.uk/",
    "hours": "",
    "status": "active",
    "source": "osm",
    "last_verified": "2025-08-27",
    "tags": [
      "addr:city",
      "addr:housenumber",
      "addr:postcode",
      "addr:street",
      "amenity",
      "building",
      "building:levels",
      "check_date",
      "check_date:currency:XBT",
      "currency:GBP"
    ],
    "notes": ""
  },
  {
    "id": "osm:node:11176568154",
    "name": "Dockside Vaults",
    "category": "events_venue",
    "lat": 51.5076484,
    "lng": -0.0712725,
    "country": "GB",
    "city": "London",
    "coins": [
      "BTC"
    ],
    "address": "",
    "website": "https://www.docksidevaults.com/events",
    "hours": "",
    "status": "active",
    "source": "osm",
    "last_verified": "2025-08-27",
    "tags": [
      "addr:city",
      "addr:postcode",
      "addr:street",
      "addr:suburb",
      "amenity",
      "currency:GBP",
      "currency:XBT",
      "description",
      "name",
      "payment:lightning"
    ],
    "notes": ""
  },
  {
    "id": "osm:node:11551861926",
    "name": "Beans and Bubbles",
    "category": "cafe",
    "lat": 51.4360409,
    "lng": -0.1605415,
    "country": "GB",
    "city": "London",
    "coins": [
      "BTC"
    ],
    "address": "",
    "website": "https://www.beansandbubbles.co.uk/",
    "hours": "",
    "status": "active",
    "source": "osm",
    "last_verified": "2025-08-27",
    "tags": [
      "addr:city",
      "addr:housenumber",
      "addr:postcode",
      "addr:street",
      "amenity",
      "check_date",
      "check_date:currency:XBT",
      "contact:instagram",
      "currency:GBP",
      "currency:XBT"
    ],
    "notes": ""
  },
  {
    "id": "osm:node:11682143323",
    "name": "Broadley Studios",
    "category": "studio",
    "lat": 51.5239822,
    "lng": -0.1668696,
    "country": "GB",
    "city": "London",
    "coins": [
      "BTC"
    ],
    "address": "",
    "website": "https://www.broadley.tv/",
    "hours": "",
    "status": "active",
    "source": "osm",
    "last_verified": "2025-08-27",
    "tags": [
      "addr:city",
      "addr:housename",
      "addr:housenumber",
      "addr:postcode",
      "addr:street",
      "amenity",
      "check_date:currency:XBT",
      "currency:XBT",
      "email",
      "mobile"
    ],
    "notes": ""
  },
  {
    "id": "osm:node:11699219098",
    "name": "Rosmarino Restaurant",
    "category": "restaurant",
    "lat": 51.4361008,
    "lng": -0.1606157,
    "country": "GB",
    "city": "London",
    "coins": [
      "BTC"
    ],
    "address": "",
    "website": "https://www.rosmarinorestaurant.co.uk/",
    "hours": "",
    "status": "active",
    "source": "osm",
    "last_verified": "2025-08-27",
    "tags": [
      "addr:city",
      "addr:housenumber",
      "addr:postcode",
      "addr:street",
      "amenity",
      "check_date",
      "check_date:currency:XBT",
      "contact:email",
      "contact:facebook",
      "contact:instagram"
    ],
    "notes": ""
  },
  {
    "id": "osm:node:11758170372",
    "name": "Hadley AV",
    "category": "computer",
    "lat": 51.6522063,
    "lng": -0.2100221,
    "country": "GB",
    "city": "London",
    "coins": [
      "BTC"
    ],
    "address": "",
    "website": "https://www.hadleyav.co.uk/",
    "hours": "",
    "status": "active",
    "source": "osm",
    "last_verified": "2025-08-27",
    "tags": [
      "addr:city",
      "addr:housenumber",
      "addr:postcode",
      "addr:street",
      "check_date",
      "contact:email",
      "contact:instagram",
      "contact:twitter",
      "currency:XBT",
      "name"
    ],
    "notes": ""
  },
  {
    "id": "osm:node:11868989493",
    "name": "Cyphermunk House",
    "category": "other",
    "lat": 51.5220914,
    "lng": -0.1148063,
    "country": "GB",
    "city": "London",
    "coins": [
      "BTC"
    ],
    "address": "",
    "website": "",
    "hours": "",
    "status": "active",
    "source": "osm",
    "last_verified": "2025-08-27",
    "tags": [
      "addr:city",
      "addr:housenumber",
      "addr:postcode",
      "addr:street",
      "check_date",
      "check_date:currency:XBT",
      "contact:email",
      "contact:twitter",
      "currency:XBT",
      "name"
    ],
    "notes": ""
  },
  {
    "id": "osm:node:11926974245",
    "name": "Crafts and Play",
    "category": "other",
    "lat": 51.4640142,
    "lng": -0.2712413,
    "country": "GB",
    "city": "London",
    "coins": [
      "BTC"
    ],
    "address": "",
    "website": "https://www.craftsandplay.co.uk/",
    "hours": "",
    "status": "active",
    "source": "osm",
    "last_verified": "2025-08-27",
    "tags": [
      "addr:city",
      "addr:housenumber",
      "addr:postcode",
      "addr:street",
      "check_date",
      "contact:email",
      "currency:XBT",
      "leisure",
      "name",
      "payment:lightning"
    ],
    "notes": ""
  },
  {
    "id": "osm:node:11998499688",
    "name": "Mezzanine Bar",
    "category": "bar",
    "lat": 51.4291372,
    "lng": -0.1655335,
    "country": "GB",
    "city": "London",
    "coins": [
      "BTC"
    ],
    "address": "",
    "website": "https://www.mezzanineldn.co.uk/",
    "hours": "",
    "status": "active",
    "source": "osm",
    "last_verified": "2025-08-27",
    "tags": [
      "addr:city",
      "addr:housename",
      "addr:housenumber",
      "addr:postcode",
      "addr:street",
      "addr:suburb",
      "amenity",
      "currency:GBP",
      "currency:XBT",
      "name"
    ],
    "notes": ""
  },
  {
    "id": "osm:node:11998542622",
    "name": "Olives & Meze",
    "category": "restaurant",
    "lat": 51.4290787,
    "lng": -0.1655871,
    "country": "GB",
    "city": "London",
    "coins": [
      "BTC"
    ],
    "address": "",
    "website": "https://www.olivesandmeze.co.uk/",
    "hours": "",
    "status": "active",
    "source": "osm",
    "last_verified": "2025-08-27",
    "tags": [
      "addr:city",
      "addr:housename",
      "addr:housenumber",
      "addr:postcode",
      "addr:street",
      "addr:suburb",
      "amenity",
      "cuisine",
      "currency:GBP",
      "currency:XBT"
    ],
    "notes": ""
  },
  {
    "id": "osm:node:12025789274",
    "name": "Apple Bitcoins",
    "category": "computer",
    "lat": 51.51482,
    "lng": -0.1523279,
    "country": "GB",
    "city": "London",
    "coins": [
      "BTC"
    ],
    "address": "",
    "website": "https://applebitcoins.com/",
    "hours": "",
    "status": "active",
    "source": "osm",
    "last_verified": "2025-08-27",
    "tags": [
      "addr:city",
      "addr:housenumber",
      "addr:postcode",
      "addr:street",
      "check_date",
      "contact:email",
      "contact:facebook",
      "contact:instagram",
      "currency:XBT",
      "name"
    ],
    "notes": ""
  },
  {
    "id": "osm:node:12037875593",
    "name": "pHresh",
    "category": "cafe",
    "lat": 51.4655036,
    "lng": -0.1555246,
    "country": "GB",
    "city": "London",
    "coins": [
      "BTC"
    ],
    "address": "",
    "website": "https://phreshjuice.co.uk/",
    "hours": "",
    "status": "active",
    "source": "osm",
    "last_verified": "2025-08-27",
    "tags": [
      "addr:city",
      "addr:housenumber",
      "addr:postcode",
      "addr:street",
      "amenity",
      "check_date",
      "check_date:currency:XBT",
      "contact:email",
      "contact:facebook",
      "contact:instagram"
    ],
    "notes": ""
  },
  {
    "id": "osm:node:12041822206",
    "name": "North African Food / Yema's House",
    "category": "fast_food",
    "lat": 51.4292322,
    "lng": -0.1654634,
    "country": "GB",
    "city": "London",
    "coins": [
      "BTC"
    ],
    "address": "",
    "website": "",
    "hours": "",
    "status": "active",
    "source": "osm",
    "last_verified": "2025-08-27",
    "tags": [
      "addr:city",
      "addr:postcode",
      "addr:street",
      "addr:suburb",
      "amenity",
      "cuisine",
      "currency:GBP",
      "currency:XBT",
      "delivery",
      "description"
    ],
    "notes": ""
  },
  {
    "id": "osm:node:12041896932",
    "name": "Habi Smart Homes",
    "category": "electronics",
    "lat": 51.4981612,
    "lng": -0.2020837,
    "country": "GB",
    "city": "London",
    "coins": [
      "BTC"
    ],
    "address": "",
    "website": "https://habi.co.uk/",
    "hours": "",
    "status": "active",
    "source": "osm",
    "last_verified": "2025-08-27",
    "tags": [
      "addr:city",
      "addr:housenumber",
      "addr:postcode",
      "addr:street",
      "currency:GBP",
      "currency:XBT",
      "description",
      "name",
      "payment:lightning",
      "payment:lightning_contactless"
    ],
    "notes": ""
  },
  {
    "id": "osm:node:12045939192",
    "name": "The Printing Place",
    "category": "copyshop",
    "lat": 51.4292743,
    "lng": -0.1671261,
    "country": "GB",
    "city": "London",
    "coins": [
      "BTC"
    ],
    "address": "",
    "website": "",
    "hours": "",
    "status": "active",
    "source": "osm",
    "last_verified": "2025-08-27",
    "tags": [
      "addr:city",
      "addr:housenumber",
      "addr:postcode",
      "addr:street",
      "check_date",
      "check_date:currency:XBT",
      "currency:XBT",
      "name",
      "opening_hours",
      "payment:lightning"
    ],
    "notes": ""
  },
  {
    "id": "osm:node:12074042171",
    "name": "Cary Hammond Photography",
    "category": "other",
    "lat": 51.492133,
    "lng": -0.121347,
    "country": "GB",
    "city": "London",
    "coins": [
      "BTC"
    ],
    "address": "",
    "website": "https://www.caryhammond.com/",
    "hours": "",
    "status": "active",
    "source": "osm",
    "last_verified": "2025-08-27",
    "tags": [
      "addr:city",
      "addr:postcode",
      "addr:street",
      "check_date",
      "contact:instagram",
      "contact:twitter",
      "craft",
      "currency:XBT",
      "name",
      "opening_hours"
    ],
    "notes": ""
  },
  {
    "id": "osm:node:12103940096",
    "name": "Nemo Cafe",
    "category": "cafe",
    "lat": 51.4160309,
    "lng": -0.3718241,
    "country": "GB",
    "city": "London",
    "coins": [
      "BTC"
    ],
    "address": "",
    "website": "",
    "hours": "",
    "status": "active",
    "source": "osm",
    "last_verified": "2025-08-27",
    "tags": [
      "addr:city",
      "addr:postcode",
      "addr:street",
      "amenity",
      "check_date",
      "check_date:currency:XBT",
      "currency:GBP",
      "currency:XBT",
      "description",
      "name"
    ],
    "notes": ""
  },
  {
    "id": "osm:node:12133818298",
    "name": "Tikka Express",
    "category": "restaurant",
    "lat": 51.429582,
    "lng": -0.1661159,
    "country": "GB",
    "city": "London",
    "coins": [
      "BTC"
    ],
    "address": "",
    "website": "",
    "hours": "",
    "status": "active",
    "source": "osm",
    "last_verified": "2025-08-27",
    "tags": [
      "addr:city",
      "addr:housenumber",
      "addr:postcode",
      "addr:street",
      "air_conditioning",
      "amenity",
      "check_date",
      "currency:GBP",
      "currency:XBT",
      "description"
    ],
    "notes": ""
  },
  {
    "id": "osm:node:12196972955",
    "name": "The Plastic Surgery Group",
    "category": "doctors",
    "lat": 51.5195434,
    "lng": -0.1403604,
    "country": "GB",
    "city": "London",
    "coins": [
      "BTC"
    ],
    "address": "",
    "website": "https://www.theplasticsurgerygroup.co.uk/",
    "hours": "",
    "status": "active",
    "source": "osm",
    "last_verified": "2025-08-27",
    "tags": [
      "addr:city",
      "addr:housenumber",
      "addr:postcode",
      "addr:street",
      "amenity",
      "currency:GBP",
      "currency:XBT",
      "description",
      "healthcare",
      "healthcare:speciality"
    ],
    "notes": ""
  },
  {
    "id": "osm:node:12197064449",
    "name": "Bob's Courtyard Bar",
    "category": "pub",
    "lat": 51.4461436,
    "lng": -0.1500124,
    "country": "GB",
    "city": "London",
    "coins": [
      "BTC"
    ],
    "address": "",
    "website": "https://www.postmarket.co.uk/",
    "hours": "",
    "status": "active",
    "source": "osm",
    "last_verified": "2025-08-27",
    "tags": [
      "addr:city",
      "addr:housename",
      "addr:housenumber",
      "addr:postcode",
      "addr:street",
      "amenity",
      "currency:GBP",
      "currency:XBT",
      "name",
      "payment:lightning"
    ],
    "notes": ""
  },
  {
    "id": "osm:node:12199018632",
    "name": "Balham House",
    "category": "pub",
    "lat": 51.4462618,
    "lng": -0.1501313,
    "country": "GB",
    "city": "London",
    "coins": [
      "BTC"
    ],
    "address": "",
    "website": "https://www.postmarket.co.uk/",
    "hours": "",
    "status": "active",
    "source": "osm",
    "last_verified": "2025-08-27",
    "tags": [
      "addr:city",
      "addr:housename",
      "addr:housenumber",
      "addr:postcode",
      "addr:street",
      "amenity",
      "currency:GBP",
      "currency:XBT",
      "description",
      "name"
    ],
    "notes": ""
  },
  {
    "id": "osm:node:12262948205",
    "name": "Pasta La Dolce Vita",
    "category": "fast_food",
    "lat": 51.5204159,
    "lng": -0.0722344,
    "country": "GB",
    "city": "London",
    "coins": [
      "BTC"
    ],
    "address": "",
    "website": "",
    "hours": "",
    "status": "active",
    "source": "osm",
    "last_verified": "2025-08-27",
    "tags": [
      "addr:city",
      "addr:housename",
      "addr:housenumber",
      "addr:postcode",
      "addr:street",
      "amenity",
      "check_date",
      "contact:instagram",
      "cuisine",
      "currency:GBP"
    ],
    "notes": ""
  },
  {
    "id": "osm:node:12340014904",
    "name": "Boom Bap Burger Leadenhall Market",
    "category": "fast_food",
    "lat": 51.5126485,
    "lng": -0.0832616,
    "country": "GB",
    "city": "London",
    "coins": [
      "BTC"
    ],
    "address": "",
    "website": "https://boombapburger.com/",
    "hours": "",
    "status": "active",
    "source": "osm",
    "last_verified": "2025-08-27",
    "tags": [
      "addr:city",
      "addr:housenumber",
      "addr:postcode",
      "addr:street",
      "amenity",
      "bar",
      "check_date",
      "check_date:currency:XBT",
      "contact:facebook",
      "contact:instagram"
    ],
    "notes": ""
  },
  {
    "id": "osm:node:12476624931",
    "name": "Victrade Property Maintenance",
    "category": "repair",
    "lat": 51.4914763,
    "lng": -0.1462557,
    "country": "GB",
    "city": "London",
    "coins": [
      "BTC"
    ],
    "address": "",
    "website": "https://www.victrade.co.uk",
    "hours": "",
    "status": "active",
    "source": "osm",
    "last_verified": "2025-08-27",
    "tags": [
      "addr:city",
      "addr:housenumber",
      "addr:postcode",
      "addr:street",
      "check_date:currency:XBT",
      "currency:ETH",
      "currency:XBT",
      "currency:XMR",
      "name",
      "opening_hours"
    ],
    "notes": ""
  },
  {
    "id": "osm:node:12745157680",
    "name": "The Deli",
    "category": "cafe",
    "lat": 51.3894373,
    "lng": -0.3255219,
    "country": "GB",
    "city": "London",
    "coins": [
      "BTC"
    ],
    "address": "",
    "website": "https://www.ditton-deli.com/",
    "hours": "",
    "status": "active",
    "source": "osm",
    "last_verified": "2025-08-27",
    "tags": [
      "addr:city",
      "addr:housename",
      "addr:housenumber",
      "addr:postcode",
      "addr:street",
      "amenity",
      "check_date",
      "check_date:currency:XBT",
      "contact:facebook",
      "cuisine"
    ],
    "notes": ""
  },
  {
    "id": "osm:node:12745160707",
    "name": "The Boss",
    "category": "hairdresser",
    "lat": 51.3893963,
    "lng": -0.3256453,
    "country": "GB",
    "city": "London",
    "coins": [
      "BTC"
    ],
    "address": "",
    "website": "https://whaircut.com/barber-shops/boss-hairdressing-thames-ditton/",
    "hours": "",
    "status": "active",
    "source": "osm",
    "last_verified": "2025-08-27",
    "tags": [
      "addr:city",
      "addr:housenumber",
      "addr:postcode",
      "addr:street",
      "check_date",
      "check_date:currency:XBT",
      "currency:GBP",
      "currency:XBT",
      "hairdresser",
      "male"
    ],
    "notes": ""
  },
  {
    "id": "osm:node:12745169348",
    "name": "Thames Ditton Gin",
    "category": "alcohol",
    "lat": 51.3905344,
    "lng": -0.3339585,
    "country": "GB",
    "city": "London",
    "coins": [
      "BTC"
    ],
    "address": "",
    "website": "https://www.thamesdittongin.com/",
    "hours": "",
    "status": "active",
    "source": "osm",
    "last_verified": "2025-08-27",
    "tags": [
      "addr:city",
      "addr:housename",
      "addr:housenumber",
      "addr:postcode",
      "addr:street",
      "currency:GBP",
      "currency:XBT",
      "name",
      "opening_hours",
      "operator"
    ],
    "notes": ""
  },
  {
    "id": "osm:node:12775851875",
    "name": "Han Fu",
    "category": "restaurant",
    "lat": 51.3915746,
    "lng": -0.3321807,
    "country": "GB",
    "city": "London",
    "coins": [
      "BTC"
    ],
    "address": "",
    "website": "https://hanfuchinese.co.uk/",
    "hours": "",
    "status": "active",
    "source": "osm",
    "last_verified": "2025-08-27",
    "tags": [
      "addr:city",
      "addr:housenumber",
      "addr:postcode",
      "addr:street",
      "amenity",
      "cuisine",
      "currency:GBP",
      "currency:XBT",
      "name",
      "payment:cash"
    ],
    "notes": ""
  },
  {
    "id": "osm:node:12809060433",
    "name": "Involve Digital",
    "category": "other",
    "lat": 51.5132052,
    "lng": -0.1412029,
    "country": "GB",
    "city": "London",
    "coins": [
      "BTC"
    ],
    "address": "",
    "website": "https://www.involvedigital.com",
    "hours": "",
    "status": "active",
    "source": "osm",
    "last_verified": "2025-08-27",
    "tags": [
      "addr:city",
      "addr:floor",
      "addr:housenumber",
      "addr:postcode",
      "addr:street",
      "check_date",
      "check_date:currency:XBT",
      "currency:XBT",
      "name",
      "office"
    ],
    "notes": ""
  },
  {
    "id": "osm:node:12901886018",
    "name": "Core TV",
    "category": "studio",
    "lat": 51.5057039,
    "lng": -0.1007408,
    "country": "GB",
    "city": "London",
    "coins": [
      "BTC"
    ],
    "address": "",
    "website": "https://www.coreagency.uk",
    "hours": "",
    "status": "active",
    "source": "osm",
    "last_verified": "2025-08-27",
    "tags": [
      "addr:city",
      "addr:housenumber",
      "addr:postcode",
      "addr:street",
      "amenity",
      "currency:GBP",
      "currency:XBT",
      "email",
      "name",
      "payment:cash"
    ],
    "notes": ""
  },
  {
    "id": "osm:node:12993375450",
    "name": "Massaggi",
    "category": "massage",
    "lat": 51.5186218,
    "lng": -0.1519065,
    "country": "GB",
    "city": "London",
    "coins": [
      "BTC"
    ],
    "address": "",
    "website": "https://www.massaggi.co.uk/",
    "hours": "",
    "status": "active",
    "source": "osm",
    "last_verified": "2025-08-27",
    "tags": [
      "addr:city",
      "addr:housenumber",
      "addr:postcode",
      "addr:street",
      "check_date:currency:XBT",
      "currency:XBT",
      "name",
      "opening_hours",
      "payment:lightning",
      "payment:lightning_contactless"
    ],
    "notes": ""
  },
  {
    "id": "osm:way:28498489",
    "name": "FOCUS PLANT",
    "category": "tool_hire",
    "lat": 51.3911296,
    "lng": 0.1137324,
    "country": "GB",
    "city": "London",
    "coins": [
      "BTC"
    ],
    "address": "",
    "website": "https://www.focusplant.uk",
    "hours": "",
    "status": "active",
    "source": "osm",
    "last_verified": "2025-08-27",
    "tags": [
      "addr:city",
      "addr:housenumber",
      "addr:postcode",
      "addr:street",
      "building",
      "contact:facebook",
      "currency:GBP",
      "currency:XBT",
      "email",
      "name"
    ],
    "notes": ""
  },
  {
    "id": "osm:way:40858239",
    "name": "Century Club",
    "category": "other",
    "lat": 51.5120681,
    "lng": -0.1322138,
    "country": "GB",
    "city": "London",
    "coins": [
      "BTC"
    ],
    "address": "",
    "website": "https://centuryclub.co.uk/",
    "hours": "",
    "status": "active",
    "source": "osm",
    "last_verified": "2025-08-27",
    "tags": [
      "addr:city",
      "addr:housename",
      "addr:housenumber",
      "addr:postcode",
      "addr:street",
      "building",
      "club",
      "currency:XBT",
      "description",
      "fixme"
    ],
    "notes": ""
  },
  {
    "id": "osm:way:190715113",
    "name": "Troxy",
    "category": "nightclub",
    "lat": 51.5127385,
    "lng": -0.0440028,
    "country": "GB",
    "city": "London",
    "coins": [
      "BTC"
    ],
    "address": "",
    "website": "https://www.troxy.co.uk/",
    "hours": "",
    "status": "active",
    "source": "osm",
    "last_verified": "2025-08-27",
    "tags": [
      "addr:city",
      "addr:housenumber",
      "addr:postcode",
      "addr:street",
      "amenity",
      "building",
      "check_date",
      "contact:facebook",
      "contact:instagram",
      "contact:twitter"
    ],
    "notes": ""
  },
  {
    "id": "osm:way:669890683",
    "name": "Michelle Davies",
    "category": "other",
    "lat": 51.5187969,
    "lng": -0.1466577,
    "country": "GB",
    "city": "London",
    "coins": [
      "BTC"
    ],
    "address": "",
    "website": "https://www.worcester-osteo.com/",
    "hours": "",
    "status": "active",
    "source": "osm",
    "last_verified": "2025-08-27",
    "tags": [
      "addr:city",
      "addr:housenumber",
      "addr:postcode",
      "addr:street",
      "building",
      "building:levels",
      "check_date",
      "check_date:currency:XBT",
      "currency:XBT",
      "healthcare"
    ],
    "notes": ""
  },
  {
    "id": "osm:way:766719311",
    "name": "Indigo Wines",
    "category": "wine",
    "lat": 51.3906184,
    "lng": -0.3333209,
    "country": "GB",
    "city": "London",
    "coins": [
      "BTC"
    ],
    "address": "",
    "website": "https://indigowines.co.uk/",
    "hours": "",
    "status": "active",
    "source": "osm",
    "last_verified": "2025-08-27",
    "tags": [
      "addr:city",
      "addr:county",
      "addr:housenumber",
      "addr:postcode",
      "addr:street",
      "building",
      "currency:GBP",
      "currency:XBT",
      "fhrs:id",
      "name"
    ],
    "notes": ""
  },
  {
    "id": "osm:way:835395162",
    "name": "Kettle Club",
    "category": "jewelry",
    "lat": 51.5171829,
    "lng": -0.0814462,
    "country": "GB",
    "city": "London",
    "coins": [
      "BTC"
    ],
    "address": "",
    "website": "https://kettleclub.co.uk/",
    "hours": "",
    "status": "active",
    "source": "osm",
    "last_verified": "2025-08-27",
    "tags": [
      "addr:city",
      "addr:housenumber",
      "addr:postcode",
      "addr:street",
      "check_date",
      "currency:GBP",
      "currency:XBT",
      "description",
      "email",
      "level"
    ],
    "notes": ""
  },
  {
    "id": "osm:way:857939249",
    "name": "Subhan",
    "category": "butcher",
    "lat": 51.5334463,
    "lng": -0.0289449,
    "country": "GB",
    "city": "London",
    "coins": [
      "BTC"
    ],
    "address": "",
    "website": "",
    "hours": "",
    "status": "active",
    "source": "osm",
    "last_verified": "2025-08-27",
    "tags": [
      "addr:city",
      "addr:housenumber",
      "addr:postcode",
      "addr:street",
      "building",
      "building:colour",
      "building:levels",
      "currency:XBT",
      "diet:halal",
      "fhrs:id"
    ],
    "notes": ""
  },
  {
    "id": "osm:way:1008034198",
    "name": "Danson Garage",
    "category": "car_repair",
    "lat": 51.4482256,
    "lng": 0.1175434,
    "country": "GB",
    "city": "London",
    "coins": [
      "BTC"
    ],
    "address": "",
    "website": "",
    "hours": "",
    "status": "active",
    "source": "osm",
    "last_verified": "2025-08-27",
    "tags": [
      "addr:city",
      "addr:housenumber",
      "addr:postcode",
      "addr:street",
      "building",
      "currency:XBT",
      "name",
      "opening_hours",
      "payment:cash",
      "payment:credit_cards"
    ],
    "notes": ""
  },
  {
    "id": "osm:way:1008034199",
    "name": "KDM MOTORS",
    "category": "car_repair",
    "lat": 51.4484598,
    "lng": 0.1175183,
    "country": "GB",
    "city": "London",
    "coins": [
      "BTC"
    ],
    "address": "",
    "website": "https://www.kdmmotors.co.uk/",
    "hours": "",
    "status": "active",
    "source": "osm",
    "last_verified": "2025-08-27",
    "tags": [
      "addr:city",
      "addr:housenumber",
      "addr:postcode",
      "addr:street",
      "building",
      "check_date:currency:XBT",
      "contact:facebook",
      "currency:GBP",
      "currency:XBT",
      "email"
    ],
    "notes": ""
  },
  {
    "id": "osm:way:1032398454",
    "name": "Strike",
    "category": "other",
    "lat": 51.4570906,
    "lng": -0.1931018,
    "country": "GB",
    "city": "London",
    "coins": [
      "BTC"
    ],
    "address": "",
    "website": "https://strike-bowling.com",
    "hours": "",
    "status": "active",
    "source": "osm",
    "last_verified": "2025-08-27",
    "tags": [
      "addr:city",
      "addr:housenumber",
      "addr:postcode",
      "addr:street",
      "check_date",
      "check_date:currency:XBT",
      "currency:XBT",
      "email",
      "fhrs:authority",
      "fhrs:id"
    ],
    "notes": ""
  },
  {
    "id": "osm:way:1121733290",
    "name": "Chilli Cha Cha",
    "category": "fast_food",
    "lat": 51.4096718,
    "lng": -0.3063941,
    "country": "GB",
    "city": "London",
    "coins": [
      "BTC"
    ],
    "address": "",
    "website": "",
    "hours": "",
    "status": "active",
    "source": "osm",
    "last_verified": "2025-08-27",
    "tags": [
      "addr:city",
      "addr:housename",
      "addr:housenumber",
      "addr:postcode",
      "addr:street",
      "amenity",
      "building",
      "check_date",
      "check_date:currency:XBT",
      "contact:facebook"
    ],
    "notes": ""
  },
  {
    "id": "osm:way:1376426747",
    "name": "Prestige Autos Surrey",
    "category": "car",
    "lat": 51.3870019,
    "lng": -0.3287376,
    "country": "GB",
    "city": "London",
    "coins": [
      "BTC"
    ],
    "address": "",
    "website": "https://prestigeautossurrey.co.uk/.co.uk",
    "hours": "",
    "status": "active",
    "source": "osm",
    "last_verified": "2025-08-27",
    "tags": [
      "addr:city",
      "addr:postcode",
      "addr:street",
      "contact:email",
      "currency:GBP",
      "currency:XBT",
      "description",
      "name",
      "payment:cash",
      "payment:credit_cards"
    ],
    "notes": ""
  },
  {
    "id": "osm:way:1394167500",
    "name": "El Sabor",
    "category": "fast_food",
    "lat": 51.5039555,
    "lng": -0.0962689,
    "country": "GB",
    "city": "London",
    "coins": [
      "BTC"
    ],
    "address": "",
    "website": "",
    "hours": "",
    "status": "active",
    "source": "osm",
    "last_verified": "2025-08-27",
    "tags": [
      "addr:city",
      "addr:country",
      "addr:housenumber",
      "addr:postcode",
      "addr:street",
      "amenity",
      "building",
      "cuisine",
      "currency:GBP",
      "currency:XBT"
    ],
    "notes": ""
  },
  {
    "id": "osm:way:1409749436",
    "name": "Spizza Napoletana",
    "category": "fast_food",
    "lat": 51.5040369,
    "lng": -0.0964274,
    "country": "GB",
    "city": "London",
    "coins": [
      "BTC"
    ],
    "address": "",
    "website": "",
    "hours": "",
    "status": "active",
    "source": "osm",
    "last_verified": "2025-08-27",
    "tags": [
      "addr:city",
      "addr:housenumber",
      "addr:postcode",
      "addr:street",
      "amenity",
      "building",
      "cuisine",
      "currency:GBP",
      "currency:XBT",
      "name"
    ],
    "notes": ""
  }
]