[
  {
    "id": "osm:node:473037880",
    "name": "FlowSuites WTC",
    "category": "other",
    "lat": 19.3949068,
    "lng": -99.1758289,
    "country": "MX",
    "city": "Mexico City",
    "coins": [
      "BTC"
    ],
    "address": "",
    "website": "https://www.flowsuites.com/wtc",
    "hours": "",
    "status": "active",
    "source": "osm",
    "last_verified": "2025-08-27",
    "tags": [
      "addr:city",
      "addr:housenumber",
      "addr:postcode",
      "addr:street",
      "brand",
      "check_date:currency:XBT",
      "currency:XBT",
      "email",
      "internet_access",
      "internet_access:fee"
    ],
    "notes": ""
  },
  {
    "id": "osm:node:1169203014",
    "name": "Elektra",
    "category": "department_store",
    "lat": 19.556141,
    "lng": -99.1930683,
    "country": "MX",
    "city": "Mexico City",
    "coins": [
      "BTC"
    ],
    "address": "",
    "website": "https://www.elektra.mx",
    "hours": "",
    "status": "active",
    "source": "osm",
    "last_verified": "2025-08-27",
    "tags": [
      "addr:city",
      "addr:postcode",
      "addr:street",
      "brand",
      "brand:wikidata",
      "brand:wikipedia",
      "check_date:currency:XBT",
      "currency:XBT",
      "name",
      "nohousenumber"
    ],
    "notes": ""
  },
  {
    "id": "osm:node:2089441541",
    "name": "Elektra",
    "category": "department_store",
    "lat": 19.3459501,
    "lng": -99.0208,
    "country": "MX",
    "city": "Mexico City",
    "coins": [
      "BTC"
    ],
    "address": "",
    "website": "https://www.elektra.mx",
    "hours": "",
    "status": "active",
    "source": "osm",
    "last_verified": "2025-08-27",
    "tags": [
      "brand",
      "brand:wikidata",
      "brand:wikipedia",
      "check_date:currency:XBT",
      "currency:XBT",
      "name",
      "payment:cash",
      "payment:debit_cards",
      "payment:lightning",
      "payment:lightning_contactless"
    ],
    "notes": ""
  },
  {
    "id": "osm:node:2132529254",
    "name": "Elektra",
    "category": "department_store",
    "lat": 19.4284304,
    "lng": -98.9636726,
    "country": "MX",
    "city": "Mexico City",
    "coins": [
      "BTC"
    ],
    "address": "",
    "website": "https://www.elektra.mx",
    "hours": "",
    "status": "active",
    "source": "osm",
    "last_verified": "2025-08-27",
    "tags": [
      "alt_name",
      "brand",
      "brand:wikidata",
      "brand:wikipedia",
      "check_date:currency:XBT",
      "currency:XBT",
      "name",
      "payment:cash",
      "payment:debit_cards",
      "payment:lightning"
    ],
    "notes": ""
  },
  {
    "id": "osm:node:2817196466",
    "name": "Elektra",
    "category": "department_store",
    "lat": 19.29395,
    "lng": -99.1820113,
    "country": "MX",
    "city": "Mexico City",
    "coins": [
      "BTC"
    ],
    "address": "",
    "website": "https://www.elektra.mx",
    "hours": "",
    "status": "active",
    "source": "osm",
    "last_verified": "2025-08-27",
    "tags": [
      "brand",
      "brand:wikidata",
      "brand:wikipedia",
      "check_date:currency:XBT",
      "currency:XBT",
      "name",
      "payment:cash",
      "payment:debit_cards",
      "payment:lightning",
      "payment:lightning_contactless"
    ],
    "notes": ""
  },
  {
    "id": "osm:node:4273853515",
    "name": "Elektra",
    "category": "department_store",
    "lat": 19.3196066,
    "lng": -99.2451963,
    "country": "MX",
    "city": "Mexico City",
    "coins": [
      "BTC"
    ],
    "address": "",
    "website": "https://www.elektra.mx",
    "hours": "",
    "status": "active",
    "source": "osm",
    "last_verified": "2025-08-27",
    "tags": [
      "brand",
      "brand:wikidata",
      "brand:wikipedia",
      "check_date:currency:XBT",
      "currency:XBT",
      "name",
      "payment:cash",
      "payment:debit_cards",
      "payment:lightning",
      "payment:lightning_contactless"
    ],
    "notes": ""
  },
  {
    "id": "osm:node:4356794990",
    "name": "Elektra",
    "category": "department_store",
    "lat": 19.4826358,
    "lng": -99.1172122,
    "country": "MX",
    "city": "Mexico City",
    "coins": [
      "BTC"
    ],
    "address": "",
    "website": "https://www.elektra.mx",
    "hours": "",
    "status": "active",
    "source": "osm",
    "last_verified": "2025-08-27",
    "tags": [
      "brand",
      "brand:wikidata",
      "brand:wikipedia",
      "check_date:currency:XBT",
      "currency:XBT",
      "name",
      "opening_hours",
      "payment:cash",
      "payment:debit_cards",
      "payment:lightning"
    ],
    "notes": ""
  },
  {
    "id": "osm:node:4356801589",
    "name": "Elektra",
    "category": "department_store",
    "lat": 19.4627664,
    "lng": -99.1130005,
    "country": "MX",
    "city": "Mexico City",
    "coins": [
      "BTC"
    ],
    "address": "",
    "website": "https://www.elektra.mx",
    "hours": "",
    "status": "active",
    "source": "osm",
    "last_verified": "2025-08-27",
    "tags": [
      "addr:housenumber",
      "addr:postcode",
      "addr:street",
      "alt_name",
      "brand",
      "brand:wikidata",
      "brand:wikipedia",
      "check_date:currency:XBT",
      "currency:XBT",
      "name"
    ],
    "notes": ""
  },
  {
    "id": "osm:node:4374763400",
    "name": "Elektra",
    "category": "department_store",
    "lat": 19.5017742,
    "lng": -99.2712999,
    "country": "MX",
    "city": "Mexico City",
    "coins": [
      "BTC"
    ],
    "address": "",
    "website": "https://www.elektra.mx",
    "hours": "",
    "status": "active",
    "source": "osm",
    "last_verified": "2025-08-27",
    "tags": [
      "brand",
      "brand:wikidata",
      "brand:wikipedia",
      "check_date:currency:XBT",
      "currency:XBT",
      "name",
      "name:es",
      "payment:cash",
      "payment:debit_cards",
      "payment:lightning"
    ],
    "notes": ""
  },
  {
    "id": "osm:node:4430078791",
    "name": "Elektra",
    "category": "department_store",
    "lat": 19.4701441,
    "lng": -99.2370611,
    "country": "MX",
    "city": "Mexico City",
    "coins": [
      "BTC"
    ],
    "address": "",
    "website": "https://www.elektra.mx",
    "hours": "",
    "status": "active",
    "source": "osm",
    "last_verified": "2025-08-27",
    "tags": [
      "brand",
      "brand:wikidata",
      "brand:wikipedia",
      "check_date:currency:XBT",
      "currency:XBT",
      "name",
      "name:es",
      "payment:cash",
      "payment:debit_cards",
      "payment:lightning"
    ],
    "notes": ""
  },
  {
    "id": "osm:node:4494585627",
    "name": "Elektra",
    "category": "department_store",
    "lat": 19.4802661,
    "lng": -99.1867336,
    "country": "MX",
    "city": "Mexico City",
    "coins": [
      "BTC"
    ],
    "address": "",
    "website": "https://www.elektra.mx",
    "hours": "",
    "status": "active",
    "source": "osm",
    "last_verified": "2025-08-27",
    "tags": [
      "addr:street",
      "brand",
      "brand:wikidata",
      "brand:wikipedia",
      "check_date:currency:XBT",
      "currency:XBT",
      "name",
      "operator",
      "payment:cash",
      "payment:debit_cards"
    ],
    "notes": ""
  },
  {
    "id": "osm:node:4536287695",
    "name": "Elektra",
    "category": "department_store",
    "lat": 19.4690931,
    "lng": -99.1403594,
    "country": "MX",
    "city": "Mexico City",
    "coins": [
      "BTC"
    ],
    "address": "",
    "website": "https://www.elektra.mx",
    "hours": "",
    "status": "active",
    "source": "osm",
    "last_verified": "2025-08-27",
    "tags": [
      "brand",
      "brand:wikidata",
      "brand:wikipedia",
      "check_date:currency:XBT",
      "currency:XBT",
      "name",
      "name:es",
      "payment:cash",
      "payment:debit_cards",
      "payment:lightning"
    ],
    "notes": ""
  },
  {
    "id": "osm:node:4771406623",
    "name": "Elektra",
    "category": "department_store",
    "lat": 19.36914,
    "lng": -98.947637,
    "country": "MX",
    "city": "Mexico City",
    "coins": [
      "BTC"
    ],
    "address": "",
    "website": "https://www.elektra.mx",
    "hours": "",
    "status": "active",
    "source": "osm",
    "last_verified": "2025-08-27",
    "tags": [
      "brand",
      "brand:wikidata",
      "brand:wikipedia",
      "check_date:currency:XBT",
      "currency:XBT",
      "name",
      "name:es",
      "payment:cash",
      "payment:debit_cards",
      "payment:lightning"
    ],
    "notes": ""
  },
  {
    "id": "osm:node:4831665049",
    "name": "Elektra",
    "category": "department_store",
    "lat": 19.4409675,
    "lng": -99.1571261,
    "country": "MX",
    "city": "Mexico City",
    "coins": [
      "BTC"
    ],
    "address": "",
    "website": "https://www.elektra.mx",
    "hours": "",
    "status": "active",
    "source": "osm",
    "last_verified": "2025-08-27",
    "tags": [
      "addr:city",
      "addr:housenumber",
      "addr:postcode",
      "addr:street",
      "brand",
      "brand:wikidata",
      "brand:wikipedia",
      "check_date:currency:XBT",
      "currency:XBT",
      "name"
    ],
    "notes": ""
  },
  {
    "id": "osm:node:5499505433",
    "name": "Elektra",
    "category": "department_store",
    "lat": 19.2999353,
    "lng": -99.0432886,
    "country": "MX",
    "city": "Mexico City",
    "coins": [
      "BTC"
    ],
    "address": "",
    "website": "https://www.elektra.mx",
    "hours": "",
    "status": "active",
    "source": "osm",
    "last_verified": "2025-08-27",
    "tags": [
      "brand",
      "brand:wikidata",
      "brand:wikipedia",
      "check_date:currency:XBT",
      "currency:XBT",
      "name",
      "payment:cash",
      "payment:debit_cards",
      "payment:lightning",
      "payment:lightning_contactless"
    ],
    "notes": ""
  },
  {
    "id": "osm:node:5522995824",
    "name": "FlowSuites Polanco",
    "category": "other",
    "lat": 19.4291697,
    "lng": -99.1929463,
    "country": "MX",
    "city": "Mexico City",
    "coins": [
      "BTC"
    ],
    "address": "",
    "website": "https://www.flowsuites.com/polanco",
    "hours": "",
    "status": "active",
    "source": "osm",
    "last_verified": "2025-08-27",
    "tags": [
      "addr:city",
      "addr:housenumber",
      "addr:neighbourhood",
      "addr:postcode",
      "addr:street",
      "brand",
      "currency:XBT",
      "email",
      "internet_access",
      "internet_access:fee"
    ],
    "notes": ""
  },
  {
    "id": "osm:node:5840379486",
    "name": "Elektra",
    "category": "department_store",
    "lat": 19.4154629,
    "lng": -98.9423181,
    "country": "MX",
    "city": "Mexico City",
    "coins": [
      "BTC"
    ],
    "address": "",
    "website": "https://www.elektra.mx",
    "hours": "",
    "status": "active",
    "source": "osm",
    "last_verified": "2025-08-27",
    "tags": [
      "brand",
      "brand:wikidata",
      "brand:wikipedia",
      "check_date:currency:XBT",
      "currency:XBT",
      "name",
      "payment:cash",
      "payment:debit_cards",
      "payment:lightning",
      "payment:lightning_contactless"
    ],
    "notes": ""
  },
  {
    "id": "osm:node:5844404210",
    "name": "Elektra",
    "category": "department_store",
    "lat": 19.4593185,
    "lng": -99.1267638,
    "country": "MX",
    "city": "Mexico City",
    "coins": [
      "BTC"
    ],
    "address": "",
    "website": "https://www.elektra.mx",
    "hours": "",
    "status": "active",
    "source": "osm",
    "last_verified": "2025-08-27",
    "tags": [
      "brand",
      "brand:wikidata",
      "brand:wikipedia",
      "check_date:currency:XBT",
      "currency:XBT",
      "name",
      "payment:cash",
      "payment:debit_cards",
      "payment:lightning",
      "payment:lightning_contactless"
    ],
    "notes": ""
  },
  {
    "id": "osm:node:6223359397",
    "name": "Elektra",
    "category": "department_store",
    "lat": 19.5348324,
    "lng": -99.0647009,
    "country": "MX",
    "city": "Mexico City",
    "coins": [
      "BTC"
    ],
    "address": "",
    "website": "https://www.elektra.mx",
    "hours": "",
    "status": "active",
    "source": "osm",
    "last_verified": "2025-08-27",
    "tags": [
      "brand",
      "brand:wikidata",
      "brand:wikipedia",
      "check_date:currency:XBT",
      "currency:XBT",
      "name",
      "payment:cash",
      "payment:debit_cards",
      "payment:lightning",
      "payment:lightning_contactless"
    ],
    "notes": ""
  },
  {
    "id": "osm:node:6294880685",
    "name": "Elektra",
    "category": "department_store",
    "lat": 19.2179986,
    "lng": -98.9940109,
    "country": "MX",
    "city": "Mexico City",
    "coins": [
      "BTC"
    ],
    "address": "",
    "website": "https://www.elektra.mx",
    "hours": "",
    "status": "active",
    "source": "osm",
    "last_verified": "2025-08-27",
    "tags": [
      "addr:street",
      "alt_name",
      "brand",
      "brand:wikidata",
      "brand:wikipedia",
      "check_date:currency:XBT",
      "currency:XBT",
      "name",
      "opening_hours",
      "payment:cash"
    ],
    "notes": ""
  },
  {
    "id": "osm:node:6332256179",
    "name": "Elektra",
    "category": "department_store",
    "lat": 19.5863799,
    "lng": -99.020862,
    "country": "MX",
    "city": "Mexico City",
    "coins": [
      "BTC"
    ],
    "address": "",
    "website": "https://www.elektra.mx",
    "hours": "",
    "status": "active",
    "source": "osm",
    "last_verified": "2025-08-27",
    "tags": [
      "brand",
      "brand:wikidata",
      "brand:wikipedia",
      "check_date:currency:XBT",
      "currency:XBT",
      "name",
      "payment:cash",
      "payment:debit_cards",
      "payment:lightning",
      "payment:lightning_contactless"
    ],
    "notes": ""
  },
  {
    "id": "osm:node:6584676243",
    "name": "Elektra",
    "category": "department_store",
    "lat": 19.3265508,
    "lng": -99.0753657,
    "country": "MX",
    "city": "Mexico City",
    "coins": [
      "BTC"
    ],
    "address": "",
    "website": "https://www.elektra.mx",
    "hours": "",
    "status": "active",
    "source": "osm",
    "last_verified": "2025-08-27",
    "tags": [
      "brand",
      "brand:wikidata",
      "brand:wikipedia",
      "check_date:currency:XBT",
      "currency:XBT",
      "name",
      "opening_hours",
      "payment:cash",
      "payment:credit_cards",
      "payment:debit_cards"
    ],
    "notes": ""
  },
  {
    "id": "osm:node:7364479699",
    "name": "Elektra",
    "category": "department_store",
    "lat": 19.3559757,
    "lng": -99.2999854,
    "country": "MX",
    "city": "Mexico City",
    "coins": [
      "BTC"
    ],
    "address": "",
    "website": "https://www.elektra.mx",
    "hours": "",
    "status": "active",
    "source": "osm",
    "last_verified": "2025-08-27",
    "tags": [
      "brand",
      "brand:wikidata",
      "brand:wikipedia",
      "check_date:currency:XBT",
      "currency:XBT",
      "name",
      "payment:cash",
      "payment:debit_cards",
      "payment:lightning",
      "payment:lightning_contactless"
    ],
    "notes": ""
  },
  {
    "id": "osm:node:7949460179",
    "name": "Bitcoin Embassy Bar",
    "category": "bar",
    "lat": 19.4117283,
    "lng": -99.1646611,
    "country": "MX",
    "city": "Mexico City",
    "coins": [
      "BTC"
    ],
    "address": "",
    "website": "https://bitcoinemb.com/",
    "hours": "",
    "status": "active",
    "source": "osm",
    "last_verified": "2025-08-27",
    "tags": [
      "addr:city",
      "addr:housenumber",
      "addr:postcode",
      "addr:street",
      "amenity",
      "check_date:currency:XBT",
      "currency:XBT",
      "email",
      "min_age",
      "name"
    ],
    "notes": ""
  },
  {
    "id": "osm:node:8263105788",
    "name": "Elektra",
    "category": "department_store",
    "lat": 19.5679906,
    "lng": -99.0446601,
    "country": "MX",
    "city": "Mexico City",
    "coins": [
      "BTC"
    ],
    "address": "",
    "website": "https://www.elektra.mx",
    "hours": "",
    "status": "active",
    "source": "osm",
    "last_verified": "2025-08-27",
    "tags": [
      "brand",
      "brand:wikidata",
      "brand:wikipedia",
      "check_date:currency:XBT",
      "currency:XBT",
      "name",
      "payment:cash",
      "payment:debit_cards",
      "payment:lightning",
      "payment:lightning_contactless"
    ],
    "notes": ""
  },
  {
    "id": "osm:node:8504658323",
    "name": "Elektra",
    "category": "department_store",
    "lat": 19.3558112,
    "lng": -99.2155065,
    "country": "MX",
    "city": "Mexico City",
    "coins": [
      "BTC"
    ],
    "address": "",
    "website": "https://www.elektra.mx",
    "hours": "",
    "status": "active",
    "source": "osm",
    "last_verified": "2025-08-27",
    "tags": [
      "alt_name",
      "brand",
      "brand:wikidata",
      "brand:wikipedia",
      "check_date:currency:XBT",
      "currency:XBT",
      "name",
      "payment:cash",
      "payment:debit_cards",
      "payment:lightning"
    ],
    "notes": ""
  },
  {
    "id": "osm:node:8843541717",
    "name": "Elektra",
    "category": "department_store",
    "lat": 19.3820872,
    "lng": -99.1187374,
    "country": "MX",
    "city": "Mexico City",
    "coins": [
      "BTC"
    ],
    "address": "",
    "website": "https://www.elektra.mx",
    "hours": "",
    "status": "active",
    "source": "osm",
    "last_verified": "2025-08-27",
    "tags": [
      "brand",
      "brand:wikidata",
      "brand:wikipedia",
      "check_date:currency:XBT",
      "currency:XBT",
      "name",
      "payment:cash",
      "payment:debit_cards",
      "payment:lightning",
      "payment:lightning_contactless"
    ],
    "notes": ""
  },
  {
    "id": "osm:node:9115925995",
    "name": "Elektra",
    "category": "department_store",
    "lat": 19.5145264,
    "lng": -99.1349843,
    "country": "MX",
    "city": "Mexico City",
    "coins": [
      "BTC"
    ],
    "address": "",
    "website": "https://www.elektra.mx",
    "hours": "",
    "status": "active",
    "source": "osm",
    "last_verified": "2025-08-27",
    "tags": [
      "addr:city",
      "addr:postcode",
      "addr:street",
      "brand",
      "brand:wikidata",
      "brand:wikipedia",
      "check_date:currency:XBT",
      "contact:phone",
      "currency:XBT",
      "name"
    ],
    "notes": ""
  },
  {
    "id": "osm:node:9955895389",
    "name": "Elektra motos",
    "category": "department_store",
    "lat": 19.3563738,
    "lng": -99.1062367,
    "country": "MX",
    "city": "Mexico City",
    "coins": [
      "BTC"
    ],
    "address": "",
    "website": "https://www.elektra.mx",
    "hours": "",
    "status": "active",
    "source": "osm",
    "last_verified": "2025-08-27",
    "tags": [
      "brand",
      "brand:wikidata",
      "brand:wikipedia",
      "check_date:currency:XBT",
      "currency:XBT",
      "name",
      "payment:cash",
      "payment:debit_cards",
      "payment:lightning",
      "payment:lightning_contactless"
    ],
    "notes": ""
  },
  {
    "id": "osm:node:10300856211",
    "name": "Elektra",
    "category": "department_store",
    "lat": 19.4074599,
    "lng": -99.1137408,
    "country": "MX",
    "city": "Mexico City",
    "coins": [
      "BTC"
    ],
    "address": "",
    "website": "https://www.elektra.mx",
    "hours": "",
    "status": "active",
    "source": "osm",
    "last_verified": "2025-08-27",
    "tags": [
      "addr:street",
      "brand",
      "brand:wikidata",
      "brand:wikipedia",
      "check_date:currency:XBT",
      "currency:XBT",
      "name",
      "payment:cash",
      "payment:debit_cards",
      "payment:lightning"
    ],
    "notes": ""
  },
  {
    "id": "osm:node:10554281017",
    "name": "Fajas Colombianas Kisha",
    "category": "clothes",
    "lat": 19.3630776,
    "lng": -99.2872029,
    "country": "MX",
    "city": "Mexico City",
    "coins": [
      "BTC"
    ],
    "address": "",
    "website": "",
    "hours": "",
    "status": "active",
    "source": "osm",
    "last_verified": "2025-08-27",
    "tags": [
      "addr:city",
      "addr:postcode",
      "addr:street",
      "check_date:currency:XBT",
      "currency:XBT",
      "email",
      "name",
      "opening_hours",
      "payment:lightning",
      "payment:lightning_contactless"
    ],
    "notes": ""
  },
  {
    "id": "osm:node:10567494881",
    "name": "HodlBeer - Cerveza artesanal",
    "category": "alcohol",
    "lat": 19.3527009,
    "lng": -99.1866894,
    "country": "MX",
    "city": "Mexico City",
    "coins": [
      "BTC"
    ],
    "address": "",
    "website": "https://linktr.ee/hodlbeer",
    "hours": "",
    "status": "active",
    "source": "osm",
    "last_verified": "2025-08-27",
    "tags": [
      "check_date",
      "currency:XBT",
      "email",
      "name",
      "payment:lightning",
      "payment:onchain",
      "phone",
      "shop",
      "website"
    ],
    "notes": ""
  },
  {
    "id": "osm:node:10568824490",
    "name": "Alberto Mérito",
    "category": "other",
    "lat": 19.3526942,
    "lng": -99.1866384,
    "country": "MX",
    "city": "Mexico City",
    "coins": [
      "BTC"
    ],
    "address": "",
    "website": "http://merito.me/",
    "hours": "",
    "status": "active",
    "source": "osm",
    "last_verified": "2025-08-27",
    "tags": [
      "addr:housenumber",
      "addr:street",
      "check_date",
      "currency:XBT",
      "name",
      "note",
      "office",
      "opening_hours",
      "payment:lightning",
      "payment:onchain"
    ],
    "notes": ""
  },
  {
    "id": "osm:node:10938079219",
    "name": "Inglés Real",
    "category": "language_school",
    "lat": 19.3981432,
    "lng": -99.1340946,
    "country": "MX",
    "city": "Mexico City",
    "coins": [
      "BTC"
    ],
    "address": "",
    "website": "https://www.inglesreales.com",
    "hours": "",
    "status": "active",
    "source": "osm",
    "last_verified": "2025-08-27",
    "tags": [
      "addr:city",
      "addr:housenumber",
      "addr:street",
      "amenity",
      "check_date:currency:XBT",
      "contact:email",
      "contact:mobile",
      "currency:XBT",
      "description",
      "language:en"
    ],
    "notes": ""
  },
  {
    "id": "osm:node:11221576027",
    "name": "Bitcoin Academy Mexico",
    "category": "other",
    "lat": 19.3720394,
    "lng": -99.2464324,
    "country": "MX",
    "city": "Mexico City",
    "coins": [
      "BTC"
    ],
    "address": "",
    "website": "https://vienna.earth/plate/bitcoin_academy/Bitcoin%20Academy",
    "hours": "",
    "status": "active",
    "source": "osm",
    "last_verified": "2025-08-27",
    "tags": [
      "addr:city",
      "addr:housenumber",
      "addr:street",
      "check_date",
      "currency:XBT",
      "description",
      "name",
      "office",
      "opening_hours",
      "payment:lightning"
    ],
    "notes": ""
  },
  {
    "id": "osm:node:12119642637",
    "name": "FlowSuites Condesa",
    "category": "other",
    "lat": 19.4109052,
    "lng": -99.1723187,
    "country": "MX",
    "city": "Mexico City",
    "coins": [
      "BTC"
    ],
    "address": "",
    "website": "https://www.flowsuites.com/condesa",
    "hours": "",
    "status": "active",
    "source": "osm",
    "last_verified": "2025-08-27",
    "tags": [
      "addr:city",
      "addr:housenumber",
      "addr:neighbourhood",
      "addr:postcode",
      "addr:street",
      "brand",
      "check_date:currency:XBT",
      "currency:XBT",
      "email",
      "internet_access"
    ],
    "notes": ""
  },
  {
    "id": "osm:node:12324352981",
    "name": "Neurólogo - Neurologist",
    "category": "doctors",
    "lat": 19.3998091,
    "lng": -99.1725609,
    "country": "MX",
    "city": "Mexico City",
    "coins": [
      "BTC"
    ],
    "address": "",
    "website": "https://neurologocdmx.com/",
    "hours": "",
    "status": "active",
    "source": "osm",
    "last_verified": "2025-08-27",
    "tags": [
      "addr:city",
      "addr:housenumber",
      "addr:postcode",
      "addr:street",
      "amenity",
      "check_date",
      "currency:XBT",
      "description",
      "healthcare",
      "healthcare:speciality"
    ],
    "notes": ""
  },
  {
    "id": "osm:node:12563478010",
    "name": "Cajero ATM Bitcoin Blink",
    "category": "atm",
    "lat": 19.2544174,
    "lng": -99.1800153,
    "country": "MX",
    "city": "Mexico City",
    "coins": [
      "BTC"
    ],
    "address": "",
    "website": "",
    "hours": "",
    "status": "active",
    "source": "osm",
    "last_verified": "2025-08-27",
    "tags": [
      "addr:city",
      "addr:housenumber",
      "addr:neighbourhood",
      "addr:postcode",
      "addr:street",
      "amenity",
      "branch",
      "cash_in",
      "cash_out",
      "check_date"
    ],
    "notes": ""
  },
  {
    "id": "osm:node:12997981352",
    "name": "Ferretornillos San Fernando",
    "category": "hardware",
    "lat": 19.382839,
    "lng": -99.2843303,
    "country": "MX",
    "city": "Mexico City",
    "coins": [
      "BTC"
    ],
    "address": "",
    "website": "",
    "hours": "",
    "status": "active",
    "source": "osm",
    "last_verified": "2025-08-27",
    "tags": [
      "check_date:currency:XBT",
      "currency:XBT",
      "name",
      "payment:lightning",
      "payment:lightning_contactless",
      "payment:onchain",
      "shop"
    ],
    "notes": ""
  },
  {
    "id": "osm:way:242021015",
    "name": "Elektra",
    "category": "department_store",
    "lat": 19.318157,
    "lng": -99.1638494,
    "country": "MX",
    "city": "Mexico City",
    "coins": [
      "BTC"
    ],
    "address": "",
    "website": "https://www.elektra.mx",
    "hours": "",
    "status": "active",
    "source": "osm",
    "last_verified": "2025-08-27",
    "tags": [
      "brand",
      "brand:wikidata",
      "brand:wikipedia",
      "building",
      "check_date:currency:XBT",
      "currency:XBT",
      "name",
      "payment:cash",
      "payment:debit_cards",
      "payment:lightning"
    ],
    "notes": ""
  },
  {
    "id": "osm:way:270493747",
    "name": "Elektra",
    "category": "department_store",
    "lat": 19.4302482,
    "lng": -98.959883,
    "country": "MX",
    "city": "Mexico City",
    "coins": [
      "BTC"
    ],
    "address": "",
    "website": "https://www.elektra.mx",
    "hours": "",
    "status": "active",
    "source": "osm",
    "last_verified": "2025-08-27",
    "tags": [
      "brand",
      "brand:wikidata",
      "brand:wikipedia",
      "building",
      "check_date:currency:XBT",
      "currency:XBT",
      "name",
      "payment:cash",
      "payment:debit_cards",
      "payment:lightning"
    ],
    "notes": ""
  },
  {
    "id": "osm:way:270656084",
    "name": "Elektra",
    "category": "department_store",
    "lat": 19.4230015,
    "lng": -98.9824545,
    "country": "MX",
    "city": "Mexico City",
    "coins": [
      "BTC"
    ],
    "address": "",
    "website": "https://www.elektra.mx",
    "hours": "",
    "status": "active",
    "source": "osm",
    "last_verified": "2025-08-27",
    "tags": [
      "brand",
      "brand:wikidata",
      "brand:wikipedia",
      "building",
      "check_date:currency:XBT",
      "currency:XBT",
      "name",
      "payment:cash",
      "payment:debit_cards",
      "payment:lightning"
    ],
    "notes": ""
  },
  {
    "id": "osm:way:270928379",
    "name": "Elektra",
    "category": "department_store",
    "lat": 19.4123244,
    "lng": -98.9795852,
    "country": "MX",
    "city": "Mexico City",
    "coins": [
      "BTC"
    ],
    "address": "",
    "website": "https://www.elektra.mx",
    "hours": "",
    "status": "active",
    "source": "osm",
    "last_verified": "2025-08-27",
    "tags": [
      "brand",
      "brand:wikidata",
      "brand:wikipedia",
      "building",
      "check_date:currency:XBT",
      "currency:XBT",
      "name",
      "payment:cash",
      "payment:debit_cards",
      "payment:lightning"
    ],
    "notes": ""
  },
  {
    "id": "osm:way:285940153",
    "name": "Elektra",
    "category": "department_store",
    "lat": 19.3033754,
    "lng": -99.0554214,
    "country": "MX",
    "city": "Mexico City",
    "coins": [
      "BTC"
    ],
    "address": "",
    "website": "https://www.elektra.mx",
    "hours": "",
    "status": "active",
    "source": "osm",
    "last_verified": "2025-08-27",
    "tags": [
      "brand",
      "brand:wikidata",
      "brand:wikipedia",
      "building",
      "check_date:currency:XBT",
      "currency:XBT",
      "name",
      "payment:cash",
      "payment:debit_cards",
      "payment:lightning"
    ],
    "notes": ""
  },
  {
    "id": "osm:way:327297521",
    "name": "Elektra",
    "category": "department_store",
    "lat": 19.2658894,
    "lng": -99.1715598,
    "country": "MX",
    "city": "Mexico City",
    "coins": [
      "BTC"
    ],
    "address": "",
    "website": "https://www.elektra.mx",
    "hours": "",
    "status": "active",
    "source": "osm",
    "last_verified": "2025-08-27",
    "tags": [
      "addr:street",
      "brand",
      "brand:wikidata",
      "brand:wikipedia",
      "building",
      "check_date:currency:XBT",
      "currency:XBT",
      "name",
      "operator",
      "payment:cash"
    ],
    "notes": ""
  },
  {
    "id": "osm:way:391817725",
    "name": "Elektra",
    "category": "department_store",
    "lat": 19.3512334,
    "lng": -99.0738003,
    "country": "MX",
    "city": "Mexico City",
    "coins": [
      "BTC"
    ],
    "address": "",
    "website": "https://www.elektra.mx",
    "hours": "",
    "status": "active",
    "source": "osm",
    "last_verified": "2025-08-27",
    "tags": [
      "brand",
      "brand:wikidata",
      "brand:wikipedia",
      "building",
      "check_date:currency:XBT",
      "currency:XBT",
      "name",
      "opening_hours",
      "operator",
      "payment:cash"
    ],
    "notes": ""
  },
  {
    "id": "osm:way:398642930",
    "name": "Elektra",
    "category": "department_store",
    "lat": 19.3829847,
    "lng": -99.2350445,
    "country": "MX",
    "city": "Mexico City",
    "coins": [
      "BTC"
    ],
    "address": "",
    "website": "https://www.elektra.mx",
    "hours": "",
    "status": "active",
    "source": "osm",
    "last_verified": "2025-08-27",
    "tags": [
      "brand",
      "brand:wikidata",
      "brand:wikipedia",
      "check_date:currency:XBT",
      "currency:XBT",
      "name",
      "operator",
      "payment:cash",
      "payment:debit_cards",
      "payment:lightning"
    ],
    "notes": ""
  },
  {
    "id": "osm:way:412812881",
    "name": "Elektra",
    "category": "department_store",
    "lat": 19.2983103,
    "lng": -99.1521037,
    "country": "MX",
    "city": "Mexico City",
    "coins": [
      "BTC"
    ],
    "address": "",
    "website": "https://www.elektra.mx",
    "hours": "",
    "status": "active",
    "source": "osm",
    "last_verified": "2025-08-27",
    "tags": [
      "brand",
      "brand:wikidata",
      "brand:wikipedia",
      "building",
      "check_date:currency:XBT",
      "currency:XBT",
      "name",
      "opening_hours",
      "payment:cash",
      "payment:debit_cards"
    ],
    "notes": ""
  },
  {
    "id": "osm:way:418392950",
    "name": "Elektra",
    "category": "department_store",
    "lat": 19.3275423,
    "lng": -98.9464299,
    "country": "MX",
    "city": "Mexico City",
    "coins": [
      "BTC"
    ],
    "address": "",
    "website": "https://www.elektra.mx",
    "hours": "",
    "status": "active",
    "source": "osm",
    "last_verified": "2025-08-27",
    "tags": [
      "addr:city",
      "addr:postcode",
      "addr:street",
      "brand",
      "brand:wikidata",
      "brand:wikipedia",
      "building",
      "check_date:currency:XBT",
      "currency:XBT",
      "name"
    ],
    "notes": ""
  },
  {
    "id": "osm:way:543831219",
    "name": "Elektra",
    "category": "department_store",
    "lat": 19.3897272,
    "lng": -99.2110315,
    "country": "MX",
    "city": "Mexico City",
    "coins": [
      "BTC"
    ],
    "address": "",
    "website": "https://www.elektra.mx",
    "hours": "",
    "status": "active",
    "source": "osm",
    "last_verified": "2025-08-27",
    "tags": [
      "addr:city",
      "addr:postcode",
      "addr:street",
      "brand",
      "brand:wikidata",
      "brand:wikipedia",
      "building",
      "check_date:currency:XBT",
      "currency:XBT",
      "name"
    ],
    "notes": ""
  },
  {
    "id": "osm:way:557202425",
    "name": "Elektra",
    "category": "department_store",
    "lat": 19.4111155,
    "lng": -99.0798875,
    "country": "MX",
    "city": "Mexico City",
    "coins": [
      "BTC"
    ],
    "address": "",
    "website": "https://www.elektra.mx",
    "hours": "",
    "status": "active",
    "source": "osm",
    "last_verified": "2025-08-27",
    "tags": [
      "addr:city",
      "addr:postcode",
      "addr:street",
      "brand",
      "brand:wikidata",
      "brand:wikipedia",
      "building",
      "check_date:currency:XBT",
      "currency:XBT",
      "name"
    ],
    "notes": ""
  },
  {
    "id": "osm:way:568311172",
    "name": "Elektra",
    "category": "department_store",
    "lat": 19.3581487,
    "lng": -99.1222454,
    "country": "MX",
    "city": "Mexico City",
    "coins": [
      "BTC"
    ],
    "address": "",
    "website": "https://www.elektra.mx",
    "hours": "",
    "status": "active",
    "source": "osm",
    "last_verified": "2025-08-27",
    "tags": [
      "brand",
      "brand:wikidata",
      "brand:wikipedia",
      "building",
      "check_date:currency:XBT",
      "currency:XBT",
      "name",
      "payment:cash",
      "payment:debit_cards",
      "payment:lightning"
    ],
    "notes": ""
  },
  {
    "id": "osm:way:616994275",
    "name": "Elektra",
    "category": "department_store",
    "lat": 19.5331635,
    "lng": -99.167361,
    "country": "MX",
    "city": "Mexico City",
    "coins": [
      "BTC"
    ],
    "address": "",
    "website": "https://www.elektra.mx",
    "hours": "",
    "status": "active",
    "source": "osm",
    "last_verified": "2025-08-27",
    "tags": [
      "brand",
      "brand:wikidata",
      "brand:wikipedia",
      "building",
      "check_date:currency:XBT",
      "currency:XBT",
      "name",
      "payment:cash",
      "payment:debit_cards",
      "payment:lightning"
    ],
    "notes": ""
  },
  {
    "id": "osm:way:627193779",
    "name": "Elektra",
    "category": "department_store",
    "lat": 19.2776518,
    "lng": -98.9424279,
    "country": "MX",
    "city": "Mexico City",
    "coins": [
      "BTC"
    ],
    "address": "",
    "website": "https://www.elektra.mx",
    "hours": "",
    "status": "active",
    "source": "osm",
    "last_verified": "2025-08-27",
    "tags": [
      "alt_name",
      "brand",
      "brand:wikidata",
      "brand:wikipedia",
      "building",
      "check_date:currency:XBT",
      "currency:XBT",
      "name",
      "payment:cash",
      "payment:debit_cards"
    ],
    "notes": ""
  },
  {
    "id": "osm:way:694776667",
    "name": "Elektra",
    "category": "department_store",
    "lat": 19.3587257,
    "lng": -99.0890505,
    "country": "MX",
    "city": "Mexico City",
    "coins": [
      "BTC"
    ],
    "address": "",
    "website": "https://www.elektra.mx",
    "hours": "",
    "status": "active",
    "source": "osm",
    "last_verified": "2025-08-27",
    "tags": [
      "brand",
      "brand:wikidata",
      "brand:wikipedia",
      "building",
      "check_date:currency:XBT",
      "currency:XBT",
      "name",
      "payment:cash",
      "payment:debit_cards",
      "payment:lightning"
    ],
    "notes": ""
  },
  {
    "id": "osm:way:703163028",
    "name": "Elektra",
    "category": "department_store",
    "lat": 19.2680492,
    "lng": -99.0059352,
    "country": "MX",
    "city": "Mexico City",
    "coins": [
      "BTC"
    ],
    "address": "",
    "website": "https://www.elektra.mx",
    "hours": "",
    "status": "active",
    "source": "osm",
    "last_verified": "2025-08-27",
    "tags": [
      "brand",
      "brand:wikidata",
      "brand:wikipedia",
      "building",
      "check_date:currency:XBT",
      "currency:XBT",
      "name",
      "payment:cash",
      "payment:debit_cards",
      "payment:lightning"
    ],
    "notes": ""
  },
  {
    "id": "osm:way:783772175",
    "name": "Elektra",
    "category": "department_store",
    "lat": 19.2892805,
    "lng": -99.2179928,
    "country": "MX",
    "city": "Mexico City",
    "coins": [
      "BTC"
    ],
    "address": "",
    "website": "",
    "hours": "",
    "status": "active",
    "source": "osm",
    "last_verified": "2025-08-27",
    "tags": [
      "addr:street",
      "brand",
      "brand:wikidata",
      "building",
      "check_date:currency:XBT",
      "currency:XBT",
      "name",
      "payment:cash",
      "payment:debit_cards",
      "payment:lightning"
    ],
    "notes": ""
  },
  {
    "id": "osm:way:787652277",
    "name": "Elektra",
    "category": "department_store",
    "lat": 19.3541081,
    "lng": -99.0752029,
    "country": "MX",
    "city": "Mexico City",
    "coins": [
      "BTC"
    ],
    "address": "",
    "website": "https://www.elektra.mx",
    "hours": "",
    "status": "active",
    "source": "osm",
    "last_verified": "2025-08-27",
    "tags": [
      "brand",
      "brand:wikidata",
      "brand:wikipedia",
      "building",
      "check_date:currency:XBT",
      "currency:XBT",
      "name",
      "payment:cash",
      "payment:debit_cards",
      "payment:lightning"
    ],
    "notes": ""
  },
  {
    "id": "osm:way:838437253",
    "name": "Elektra",
    "category": "bank",
    "lat": 19.5138314,
    "lng": -99.209226,
    "country": "MX",
    "city": "Mexico City",
    "coins": [
      "BTC"
    ],
    "address": "",
    "website": "https://www.elektra.mx",
    "hours": "",
    "status": "active",
    "source": "osm",
    "last_verified": "2025-08-27",
    "tags": [
      "addr:city",
      "addr:housenumber",
      "addr:postcode",
      "addr:street",
      "air_conditioning",
      "amenity",
      "atm",
      "branch",
      "brand",
      "brand:wikidata"
    ],
    "notes": ""
  },
  {
    "id": "osm:way:927367056",
    "name": "Elektra",
    "category": "department_store",
    "lat": 19.3325867,
    "lng": -99.1713819,
    "country": "MX",
    "city": "Mexico City",
    "coins": [
      "BTC"
    ],
    "address": "",
    "website": "https://www.elektra.mx",
    "hours": "",
    "status": "active",
    "source": "osm",
    "last_verified": "2025-08-27",
    "tags": [
      "addr:street",
      "brand",
      "brand:wikidata",
      "brand:wikipedia",
      "building",
      "check_date:currency:XBT",
      "currency:XBT",
      "name",
      "payment:cash",
      "payment:debit_cards"
    ],
    "notes": ""
  },
  {
    "id": "osm:way:957614752",
    "name": "Elektra",
    "category": "department_store",
    "lat": 19.3889144,
    "lng": -99.1908231,
    "country": "MX",
    "city": "Mexico City",
    "coins": [
      "BTC"
    ],
    "address": "",
    "website": "https://www.elektra.mx",
    "hours": "",
    "status": "active",
    "source": "osm",
    "last_verified": "2025-08-27",
    "tags": [
      "brand",
      "brand:wikidata",
      "brand:wikipedia",
      "building",
      "check_date:currency:XBT",
      "currency:XBT",
      "name",
      "payment:cash",
      "payment:debit_cards",
      "payment:lightning"
    ],
    "notes": ""
  },
  {
    "id": "osm:way:1038997637",
    "name": "Elektra",
    "category": "department_store",
    "lat": 19.4522847,
    "lng": -99.2473495,
    "country": "MX",
    "city": "Mexico City",
    "coins": [
      "BTC"
    ],
    "address": "",
    "website": "https://www.elektra.mx",
    "hours": "",
    "status": "active",
    "source": "osm",
    "last_verified": "2025-08-27",
    "tags": [
      "addr:city",
      "addr:postcode",
      "addr:street",
      "brand",
      "brand:wikidata",
      "brand:wikipedia",
      "building",
      "check_date:currency:XBT",
      "currency:XBT",
      "name"
    ],
    "notes": ""
  },
  {
    "id": "osm:way:1112169009",
    "name": "Elektra",
    "category": "department_store",
    "lat": 19.31581,
    "lng": -99.0718722,
    "country": "MX",
    "city": "Mexico City",
    "coins": [
      "BTC"
    ],
    "address": "",
    "website": "https://www.elektra.mx",
    "hours": "",
    "status": "active",
    "source": "osm",
    "last_verified": "2025-08-27",
    "tags": [
      "brand",
      "brand:wikidata",
      "brand:wikipedia",
      "building",
      "check_date:currency:XBT",
      "currency:XBT",
      "name",
      "payment:cash",
      "payment:debit_cards",
      "payment:lightning"
    ],
    "notes": ""
  },
  {
    "id": "osm:way:1194900490",
    "name": "Elektra",
    "category": "department_store",
    "lat": 19.3728672,
    "lng": -99.1896716,
    "country": "MX",
    "city": "Mexico City",
    "coins": [
      "BTC"
    ],
    "address": "",
    "website": "https://www.elektra.mx",
    "hours": "",
    "status": "active",
    "source": "osm",
    "last_verified": "2025-08-27",
    "tags": [
      "addr:city",
      "addr:country",
      "addr:postcode",
      "addr:province",
      "addr:state",
      "addr:suburb",
      "brand",
      "brand:wikidata",
      "brand:wikipedia",
      "check_date:currency:XBT"
    ],
    "notes": ""
  },
  {
    "id": "osm:way:1366464528",
    "name": "Elektra",
    "category": "department_store",
    "lat": 19.3436313,
    "lng": -99.1906597,
    "country": "MX",
    "city": "Mexico City",
    "coins": [
      "BTC"
    ],
    "address": "",
    "website": "https://www.elektra.mx",
    "hours": "",
    "status": "active",
    "source": "osm",
    "last_verified": "2025-08-27",
    "tags": [
      "addr:country",
      "addr:housenumber",
      "addr:postcode",
      "addr:province",
      "addr:state",
      "addr:street",
      "addr:suburb",
      "alt_name",
      "brand",
      "brand:wikidata"
    ],
    "notes": ""
  }
]