[{"id":"osm:node:2762442267","name":"Safari","category":"restaurant","lat":40.8005894,"lng":-73.9527099,"country":"US","city":"New York","coins":["BTC"],"address":"","website":"https://safariharlem.com","hours":"","status":"active","source":"osm","last_verified":"2025-08-27","tags":["addr:city","addr:housenumber","addr:postcode","addr:state","addr:street","amenity","check_date","check_date:currency:XBT","contact:email","contact:facebook"],"notes":""},{"id":"osm:node:2768451052","name":"The Expat","category":"bar","lat":40.8154613,"lng":-73.9600115,"country":"US","city":"New York","coins":["BTC"],"address":"","website":"https://www.theexpat.nyc/","hours":"","status":"active","source":"osm","last_verified":"2025-08-27","tags":["addr:city","addr:housenumber","addr:postcode","addr:state","addr:street","amenity","check_date:currency:XBT","currency:XBT","name","opening_hours"],"notes":""},{"id":"osm:node:5415434959","name":"Kavasutra Kava Bar","category":"bar","lat":40.7284736,"lng":-73.9834305,"country":"US","city":"New York","coins":["ETH"],"address":"","website":"https://kavasutra.com/pages/kavasutra-new-york","hours":"","status":"active","source":"osm","last_verified":"2025-08-27","tags":["addr:housenumber","addr:postcode","addr:street","amenity","check_date","check_date:opening_hours","currency:XBT","delivery","drink:beer","drink:coffee"],"notes":""},{"id":"osm:node:8791945336","name":"Back Of The Closet","category":"clothes","lat":40.8690068,"lng":-73.4257772,"country":"US","city":"New York","coins":["BTC"],"address":"","website":"","hours":"","status":"active","source":"osm","last_verified":"2025-08-27","tags":["addr:city","addr:housenumber","addr:postcode","addr:state","addr:street","clothes","contact:instagram","currency:XBT","name","nysgissam:nysaddresspointid"],"notes":""},{"id":"osm:node:9964721813","name":"Dandy Farmer","category":"florist","lat":40.697432,"lng":-73.9718971,"country":"US","city":"New York","coins":["BTC"],"address":"","website":"https://www.dandyfarmer.com","hours":"","status":"active","source":"osm","last_verified":"2025-08-27","tags":["addr:city","addr:housenumber","addr:postcode","addr:state","addr:street","currency:USD","currency:XBT","description","name","opening_hours"],"notes":""},{"id":"osm:node:10127620393","name":"Budico Corp","category":"other","lat":40.8368509,"lng":-73.9926883,"country":"US","city":"New York","coins":["BTC"],"address":"","website":"","hours":"","status":"active","source":"osm","last_verified":"2025-08-27","tags":["addr:city","addr:street","check_date:currency:XBT","craft","currency:XBT","name","payment:lightning","payment:lightning_contactless","payment:onchain","phone"],"notes":""},{"id":"osm:node:10238825155","name":"Loving Hands Family Care","category":"childcare","lat":40.8536048,"lng":-74.0193736,"country":"US","city":"New York","coins":["BTC"],"address":"","website":"","hours":"","status":"active","source":"osm","last_verified":"2025-08-27","tags":["addr:city","addr:housenumber","addr:postcode","addr:state","addr:street","amenity","check_date","currency:XBT","email","name"],"notes":""},{"id":"osm:node:10245589405","name":"PubKey","category":"bar","lat":40.732185,"lng":-74.0000205,"country":"US","city":"New York","coins":["BTC"],"address":"","website":"https://pubkey.bar/","hours":"","status":"active","source":"osm","last_verified":"2025-08-27","tags":["addr:city","addr:housenumber","addr:postcode","addr:state","addr:street","amenity","brewery","check_date","check_date:currency:XBT","cuisine"],"notes":""},{"id":"osm:node:10559814687","name":"Melville Deli","category":"fast_food","lat":40.7904667,"lng":-73.4162102,"country":"US","city":"New York","coins":["BTC"],"address":"","website":"","hours":"","status":"active","source":"osm","last_verified":"2025-08-27","tags":["addr:city","addr:housenumber","addr:postcode","addr:state","addr:street","amenity","check_date","check_date:currency:XBT","contact:facebook","cuisine"],"notes":""},{"id":"osm:node:10980987260","name":"Aburas Law, LLC","category":"other","lat":40.8919096,"lng":-74.1401536,"country":"US","city":"New York","coins":["BTC"],"address":"","website":"https://www.aburaslaw.com/","hours":"","status":"active","source":"osm","last_verified":"2025-08-27","tags":["addr:city","addr:housenumber","addr:postcode","addr:state","addr:street","addr:unit","currency:XBT","name","office","payment:lightning"],"notes":""},{"id":"osm:node:11425773528","name":"Society’s SmokeShop","category":"tobacco","lat":40.7585189,"lng":-73.989409,"country":"US","city":"New York","coins":["BTC"],"address":"","website":"","hours":"","status":"active","source":"osm","last_verified":"2025-08-27","tags":["addr:city","addr:housenumber","addr:postcode","addr:state","addr:street","check_date","currency:XBT","name","opening_hours","payment:lightning"],"notes":""},{"id":"osm:node:11497324014","name":"Waterfront Wines & Spirits","category":"alcohol","lat":40.6938294,"lng":-73.9994261,"country":"US","city":"New York","coins":["BTC"],"address":"","website":"https://waterfrontwinesnyc.com/","hours":"","status":"active","source":"osm","last_verified":"2025-08-27","tags":["addr:housenumber","addr:postcode","addr:street","alt_name","check_date:currency:XBT","currency:USD","currency:XBT","delivery","email","name"],"notes":""},{"id":"osm:node:11949550415","name":"Bitcoin Center NYC","category":"other","lat":40.7868109,"lng":-73.9781144,"country":"US","city":"New York","coins":["BTC"],"address":"","website":"https://bitcoincenternyc.com/","hours":"","status":"active","source":"osm","last_verified":"2025-08-27","tags":["addr:city","addr:housenumber","addr:postcode","addr:state","addr:street","check_date","check_date:currency:XBT","contact:facebook","contact:instagram","currency:XBT"],"notes":""},{"id":"osm:node:12809106019","name":"Involve Digital","category":"other","lat":40.7130184,"lng":-74.0131518,"country":"US","city":"New York","coins":["BTC"],"address":"","website":"https://www.involvedigital.com","hours":"","status":"active","source":"osm","last_verified":"2025-08-27","tags":["addr:city","addr:housenumber","addr:postcode","addr:state","addr:street","addr:unit","check_date","check_date:currency:XBT","currency:XBT","name"],"notes":""},{"id":"osm:node:12835020256","name":"Jericho Mansion","category":"other","lat":40.797047,"lng":-73.5404794,"country":"US","city":"New York","coins":["BTC"],"address":"","website":"https://airbtc.online/properties/jericho-mansion-new-york-usa/","hours":"","status":"active","source":"osm","last_verified":"2025-08-27","tags":["check_date","currency:XBT","internet_access","name","payment:lightning","payment:onchain","tourism","website"],"notes":""},{"id":"osm:node:12960242112","name":"Solid State Coffee","category":"cafe","lat":40.776741,"lng":-73.9796743,"country":"US","city":"New York","coins":["BTC"],"address":"","website":"https://solidstatecoffee.com/","hours":"","status":"active","source":"osm","last_verified":"2025-08-27","tags":["addr:city","addr:housenumber","addr:postcode","addr:state","addr:street","amenity","check_date:currency:XBT","contact:instagram","contact:twitter","currency:XBT"],"notes":""}]
